,축제명,소재지도로명주소,위도,경도,시도명
0,강릉커피축제,강원도 강릉시 임영로131번길 6 (용강동),37.75294455,128.8919029,강원특별자치도
1,전국생활문화축제 in강릉,강원도 강릉시 경강로 2021번길9-1,37.75040333,128.8898121,강원특별자치도
2,2022 강릉와인축제,강원도 강릉시 경강로 2111,37.7558922453,128.8974692754,강원특별자치도
3,2022 강릉누들축제,강원도 강릉시 경강로 2112,37.7553861171,128.8981649115,강원특별자치도
6,구례산수유꽃축제,nan,35.318767,127.4705342214,nan
7,2016 안양 시민축제,경기도 안양시 동안구 관평로 149 (평촌동),37.390137,126.9613287,경기도
8,2016 안양 아줌마축제,경기도 안양시 동안구 관평로 149 (평촌동),37.390137,126.9613287,경기도
9,2016 제5회 안양공공예술프로젝트,경기도 안양시 만안구 예술공원로 180(안양동),37.419406,126.925606,경기도
10,2014 안양시민축제,경기도 안양시 동안구 관평로 149 (평촌동),37.390137,126.9613287,경기도
11,2017 안양충훈벚꽃축제,경기도 안양시 만안구 석수로 159,37.404615,126.896157,경기도
12,2017 안양 아줌마축제,경기도 안양시 동안구 관평로 149 (평촌동),37.390137,126.9613287,경기도
13,2017 광복기념음악회,경기도 안양시 만안구 문예로 36번길 16,37.384588,126.931365,경기도
14,2017 안양 시민축제,경기도 안양시 동안구 관평로 149 (평촌동),37.390137,126.9613287,경기도
15,2018 안양충훈벚꽃축제,경기도 안양시 만안구 석수로 159,37.404615,126.896157,경기도
16,2018 안양여성축제,경기도 안양시 동안구 관평로 149 (평촌동),37.390137,126.9613287,경기도
17,2018 광복기념음악회,경기도 안양시 만안구 병목안로 215,37.385289,126.907675,경기도
18,2018 안양 시민축제,경기도 안양시 동안구 관평로 149 (평촌동),37.390137,126.9613287,경기도
19,마곡사 신록축제,충청남도 공주시 사곡면 마곡사로 966 마곡사,36.55740589,127.011603,충청남도
20,제68회 백제문화제,충청남도 공주시 신관동 553,36.47835102,127.1204236,충청남도
21,제5회 겨울공주 군밤축제,충청남도 공주시 금학동 111-1,36.43336915,127.124038,충청남도
22,제1회 유구색동수국정원 꽃축제,nan,36.5555032985,126.9543952096,nan
23,보이지 않아도 보이는,강원도 춘천시 스포츠타운길399번길 25 어린이회관,37.874066,127.702455,강원특별자치도
24,Creative energy_김정현 개인展,강원도 춘천시 서부대성로 71,37.88237413,127.73132,강원특별자치도
25,2022년 강원PAX아라리 제 3회 정기연주회,강원도 춘천시 우석로 70 국립춘천박물관,37.86401877,127.7521907,강원특별자치도
26,제4회 대청호 벚꽃축제,nan,36.35359044,127.4980431,nan
27,제5회 대청호 벚꽃축제,nan,36.35359044,127.4980431,nan
28,동두천 청소년 별자리과학 축제,경기도 동두천시 어등로 45,37.90083977,127.0704987,경기도
29,동두천락페스티벌,nan,37.93877612,127.0857429,nan
30,2023 제7회 이담농악두드림대축제,경기도 동두천시 중앙로 268,37.90543939,127.0546796,경기도
31,제4회 동두천 국제 트레일러닝 대회,경기도 동두천시 어등로 45,37.90083977,127.0704987,경기도
32,상패남산축제,경기도 동두천시 어수로 8,37.90537169,127.0442776,경기도
33,동두천시 자원봉사 축제,경기도 동두천시 중앙로 125,37.89275541,127.0517461,경기도
34,DDC할로윈클럽데이,경기도 동두천시 상패로216번길 42,37.91584622,127.0565068,경기도
35,제5회 연제고분판타지축제,nan,35.19588064,129.082826,nan
36,(가칭)오산 산타 마켓,경기도 오산시 원동로37번길 37-1,37.145359,127.070236,경기도
38,크랩킹페스타,nan,37.47834714,129.157962,nan
39,2024얼음나라 화천 산천어축제,강원특별자치도 화천군 화천읍 산천어길 137,38.1125016134,127.7098431852,강원특별자치도
40,2024 대구앞산축제(제29회 대덕제),대구광역시 남구 고산4길 71,35.83229037,128.6004362,대구광역시
41,영도다리축제,부산광역시 영도구 해양로 301번길 55,35.07714964,129.0820078,부산광역시
42,영도커피페스티벌,부산광역시 영도구 해양로 301번길 55,35.07714964,129.0820078,부산광역시
43,2023 과천공연예술축제,경기도 과천시 통영로 5,37.42819137,126.9891538,경기도
44,2024고령 대가야축제,경상북도 고령군 대가야읍 대가야로 1216,35.72008225,128.259677,경상북도
45,2020 부평풍물대축제,인천광역시 부평구 신트리로 21,37.506554,126.7236393,인천광역시
47,휴애리 유럽 수국축제,제주특별자치도 서귀포시 남원읍 신례동로 256,33.30853475,126.6343808,제주특별자치도
48,상효원수목원 봉선화축제,제주특별자치도 서귀포시 산록남로 2847-37,33.30721676,126.5860085,제주특별자치도
49,2023제주애니아일랜드페스티벌,제주특별자치도 서귀포시 태평로537번길 40-9,33.25398806,126.570696,제주특별자치도
50,제13회 산지천축제,제주특별자치도 제주시 칠성로길 48,33.5141394,126.5277892,제주특별자치도
52,제16회 제주해녀축제,제주특별자치도 제주시 구좌읍 해녀박물관길 26,33.52360988,126.863484,제주특별자치도
53,휴애리 핑크뮬리축제,제주특별자치도 서귀포시 남원읍 신례동로 256,33.30853475,126.6343808,제주특별자치도
54,2023 숲으로오라-찾아라초록 숲의 비밀,제주특별자치도 제주시 오남로 221,33.4762839,126.5161965,제주특별자치도
55,신산 도채비 빛축제,제주특별자치도 제주시 신산로 82,33.50548585,126.5347396,제주특별자치도
56,마노르블랑 핑크뮬리축제,제주특별자치도 서귀포시 안덕면 일주서로2100번길 46,33.25482364,126.2949866,제주특별자치도
57,제8회 고마로 마문화축제,제주특별자치도 제주시 신산로 82,33.50548585,126.5347396,제주특별자치도
58,제주 광어대축제,제주특별자치도 제주시 연삼로 166,33.503977,126.5491571,제주특별자치도
59,JEMI페스타,제주특별자치도 제주시 신산로 82,33.50548585,126.5347396,제주특별자치도
60,흥부제,전라북도 남원시 양림길 12,35.40248095,127.3861268,전북특별자치도
61,지리산 뱀사골 단풍제,전라북도 남원시 산내면 와운길 10,35.37179767,127.5791353,전북특별자치도
62,백운계곡 뜬구름 축제,경기도 포천시 이동면 포화로148,38.0700747348,127.4018615976,경기도
63,억새꽃 축제,경기도 포천시 영북면 산정호수로411번길 89,38.0688660963,127.3221100828,경기도
64,포천 백운계곡 동장군 축제,경기도 포천시 이동면 화동로 2381,38.0547745,127.383869,경기도
65,도봉 과학축전,서울특별시 도봉구 마들로 656,37.6686287,127.0470496,서울특별시
66,제13회 남한강축제,강원도 원주시 부론면 앙암로 1234,37.20602239,127.7482249,강원특별자치도
67,치악산찰옥수수축제,nan,37.3087155,127.8115249,nan
68,치악산복숭아축제,강원도 원주시 단구로 170,37.3364295,127.9462614,강원특별자치도
69,2023 원주 댄싱카니발,강원도 원주시 단구로 170,37.3364295,127.9462614,강원특별자치도
70,원주삼토페스티벌,강원도 원주시 서원대로 311,37.3368381,127.943687,강원특별자치도
71,치악산한우축제,강원도 원주시 단구로 170,37.3364295,127.9462614,강원특별자치도
72,원주 독서대전,강원도 원주시 단구로 170,37.3364295,127.9462614,강원특별자치도
73,원주 평생학습 축제,강원도 원주시 원일로 139,37.3515851,127.9467947,강원특별자치도
74,제8회 상록수문화제,경기도 안산시 상록구 샘골서길 64,37.299644,126.8627402,경기도
75,제9회 상록수문화제,경기도 안산시 상록구 샘골서길 64,37.299644,126.8627402,경기도
76,안산국제거리극축제,경기도 안산시 단원구 광덕대로 157,37.310742,126.829822,경기도
77,여르미오페스티벌,경기도 안산시 단원구 동산로 268,37.32507855,126.8099898,경기도
81,정서진 해넘이 행사,인천광역시 서구 정서진1로 41,37.55843603,126.6074644,인천광역시
82,아라뱃길 카약축제,인천광역시 서구 정서진1로 41,37.55843603,126.6074644,인천광역시
83,벌교꼬막축제,전라남도 보성군 벌교읍 벌교천1길 19,34.8447662342,127.346476,전라남도
84,보성다향대축제,전라남도 보성군 보성읍 녹차로 775,34.7198764301,127.0817099093,전라남도
85,보성군민의날,전라남도 보성군 보성읍 용문길 18,34.7737542479,127.0940851931,전라남도
86,서편제 보성소리축제,전라남도 보성군 보성읍 송재로 281-9,34.7781289641,127.088433,전라남도
87,단종문화제,강원도 영월군 영월읍 단종로 24,37.18609549,128.4681825,강원특별자치도
88,동강국제사진제,강원도 영월군 영월읍 영월로 1909-10,37.18193994,128.4615511,강원특별자치도
89,영월동강뗏목축제,nan,37.1796854699,128.4698462628,nan
90,제36회 지용제,충청북도 옥천군 옥천읍 매동로 209,36.31880041,127.5827071,충청북도
91,제1회 향수옥천 유채꽃축제,nan,36.2848211695,127.6452943549,nan
92,2023 제11회 군산시간여행축제,전라북도 군산시 중앙로 178,35.98772627,126.711725,전북특별자치도
93,제24회음성품바축제,충청북도 음성군 음성읍 예술로 102,36.93152313,127.6806296,충청북도
94,제42회설성문화제,충청북도 음성군 음성읍 수정로 38,36.93427623,127.6906949,충청북도
95,2024 금정산성축제,nan,35.2452813,129.0570297,nan
96,2024 지금여기 금정 관광후기 이벤트,부산광역시 금정구 중앙대로 1777,35.2420498,129.0924585,부산광역시
97,울산옹기축제,울산광역시 울주군 온양읍 외고산3길 36,35.435069,129.2795088,울산광역시
98,2025 간절곶 해맞이 행사,울산광역시 울주군 서생면 간절곶1길 39-2,35.35897306,129.3602963,울산광역시
99,제15회 청도유등제,nan,35.65498121,128.7372391,nan
100,2024청도반시축제,경상북도 청도군 화양읍 청려로 1846,35.64838523,128.7186823,경상북도
101,2024청도세계코미디아트페스티벌,경상북도 청도군 화양읍 청려로 1846,35.64838523,128.7186823,경상북도
103,춘천낭만여행 - 풍물장 새봄맞이 신명굿,강원도 춘천시 영서로 2352-21 풍물시장,37.867938,127.716982,강원특별자치도
104,춘천전쟁과 일상 국제문학포럼 2020 -한국전쟁 후-,강원도 춘천시 강원대학길 1,37.86802431,127.74838741,강원특별자치도
105,이계통간異系統間 배요한 박예지 2인전,강원도 춘천시 동내면거두택지길44번길7-19,37.854519,127.758213,강원특별자치도
106,춘천인형극박물관 재개관 전시 인형의 기술,강원도 춘천시 영서로 3017,37.92101625,127.720178,강원특별자치도
107,최정숙 개인전 호모 하모니쿠스 Homo Harmonicus,강원도 춘천시 서부대성로 71,37.88237413,127.73137363,강원특별자치도
108,2020 서현종 개인전 - 청.춘.천 展,강원도 춘천시 스포츠타운길 347-9,37.872615,127.696757,강원특별자치도
109,2020 강원문화재단 원로예술인 공연 생일 - The Dark,강원도 춘천시 세실로 267 (후평동),37.880636,127.754584,강원특별자치도
110,춘천뿌리展_The Exhibition of Roots,강원도 춘천시 서부대성로 71(옥천동),37.88237413,127.73137363,강원특별자치도
111,춘천선열의 얼과 소통하다 한중수교 30주년기념 국제 초청 서예전 강원서예협회 정기전,강원도 춘천시 퇴계농공로 40(퇴계동),37.849556,127.7436554,강원특별자치도
112,2022 마임 아카데미 움직임 창작자를 위한 워크숍 비행飛行,강원도 춘천시 행촌로 35(퇴계동),37.85984082,127.724394,강원특별자치도
113,제로섬씽,강원도 춘천시 효자상길5번길 13(효자동),37.87261579,127.72934048,강원특별자치도
114,마스터클래스 23회차 영혼의 기타리스트 이근형 vs 괴물연주자 베이시스트 장태웅,강원도 춘천시 서면 박사로 854,37.89302024,127.69192441,강원특별자치도
115,김홍열 사진전_Moment,강원도 춘천시 서부대성로 71(옥천동),37.88237413,127.73137363,강원특별자치도
116,老雲 安淙重 篆刻展노운 안종중 전각전_안종중 개인전,강원도 춘천시 서부대성로 71(옥천동),37.88237413,127.73137363,강원특별자치도
117,소小 소素 소笑_김현숙 개인전,강원도 춘천시 서부대성로 71(옥천동),37.88237413,127.73137363,강원특별자치도
118,2022 춘천도서전-춘천 쓰고 읽고 말하다.,강원도 춘천시 우석로 100,37.86198997,127.75501864,강원특별자치도
119,정춘일 개인전 - 삼 .철. 리 바람 展,강원도 춘천시 스포츠타운길 399번길 25,37.87361778,127.70209163,강원특별자치도
120,지나가는 여름이 아쉬운 사람들을 위한 블루요선 여행페스타,강원도 춘천시 서부대성로44번길 2,37.883138,127.727604,강원특별자치도
121,축성탄 저세상 텐션으로의 초대 안녕 팥쥐,강원도 춘천시 안마산로 89 4층,37.85546242,127.7258527,강원특별자치도
122,Christmas Festival - 제 9회 정기연주회,강원도 춘천시 효자상길5번길 13,37.87261579,127.72934048,강원특별자치도
123,음악극 피터와 동물의 사육제,강원도 춘천시 효자상길5번길 13,37.87261579,127.72934048,강원특별자치도
124,제2회 호반음악제 피아졸라 나이트클럽 인 춘천,강원도 춘천시 강원대학길 1,37.86802431,127.74838741,강원특별자치도
125,제4회 셰익스피어 페스티벌 셰익스피어 맥베스를 연주하다,강원도 춘천시 강원대학길 1,37.86802431,127.74838741,강원특별자치도
126,FESTA NYCC 2021 온라인 페스타 뉴욕 in 춘천,강원도 춘천시 효자상길5번길 13,37.87261579,127.72934048,강원특별자치도
127,2021춘천마임축제 물화일체,강원도 춘천시 약사고개길 53(효자동),37.87443892,127.72794239,강원특별자치도
128,2021춘천마임축제 도깨비 유랑단,강원도 춘천시 효석로9번길 13,37.865023,127.73449852,강원특별자치도
129,박양순 명창 판소리 흥보가 완창 공연,강원도 춘천시 효자상길5번길 13,37.87261579,127.72934048,강원특별자치도
130,2021 춘천 한국지역도서전,강원도 춘천시 옛경춘로 880,37.87324516,127.71266239,강원특별자치도
131,음악으로 보는 이미지극 보이체크,강원도 춘천시 춘천로 112,37.87307,127.72781018,강원특별자치도
132,2021 꿈의 오케스트라 강릉 언택트 연주회 향상더하기,강원도 강릉시 하슬라로 96 강릉문화원,37.75863,128.873881,강원특별자치도
133,춘천예술문화축제 한여름 밤의 아리아,강원도 춘천시 스포츠타운길399번길 25 어린이회관,37.874122,127.702307,강원특별자치도
134,제2회 봄내 전국 시낭송대회,강원도 춘천시 춘천로 112,37.87307,127.72781018,강원특별자치도
135,춘천 핸드크래프트 프리마켓 어뮤즈데이,강원도 춘천시 중앙로 186,37.87434326,127.71455706,강원특별자치도
136,김유정 83주기 추모공연 김유정을 연주하다 그 삶의 이중주,강원도 춘천시 신동면 실레길 25,37.819151,127.71866747,강원특별자치도
137,농악대축제,경기도 광명시 오리로 703,37.46251993,126.8711626,경기도
138,소하도서관 책축제 팔짱+책을 품다,경기도 광명시 소하일로 7,37.44545884,126.8879928,경기도
139,농악대축제,경기도 광명시 시청로 20,37.47909912,126.8648475,경기도
140,구름산예술제,경기도 광명시 오리로 703,37.46251993,126.8711626,경기도
141,제7회 목감천 친환경 축제,경기도 광명시 광명로791번길 6,37.4710361,126.8486332,경기도
142,평생학습도시 선언 20주년 컨퍼런스,경기도 광명시 오리로854번길 10,37.4743772,126.8684796,경기도
143,2022 페스티벌 광명,경기도 광명시 철산로 13,37.4762,126.8677,경기도
144,구름산예술제,경기도 광명시 오리로 703,37.4625199339,126.871162585,경기도
145,구름산예술제,경기도 광명시 철망산로 2,37.4667641149,126.86990079,경기도
146,제27회 오리문화제,경기도 광명시 철망산로 42,37.4674687,126.8732102,경기도
147,고싸움놀이축제,광주광역시 남구 고싸움로 2,35.069718,126.8375167,광주광역시
148,굿모닝양림축제,광주광역시 남구 백서로 92-8,35.14019141,126.9163647,광주광역시
149,노대 에코 페스티벌,광주광역시 남구 노대실로41번길 31,35.10651287,126.909749,광주광역시
150,사직연등축제,광주광역시 남구 중앙로107번길 15,35.147081,126.9100957,광주광역시
151,사직단오제,광주광역시 남구 중앙로 122-1,35.145742,126.910561,광주광역시
152,성거사지오층석탑다례재,광주광역시 남구 천변좌로338번길 7,35.14790588,126.9078967,광주광역시
153,양림&크리스마스 문화축제,광주광역시 남구 백서로 92-8,35.14019141,126.9163647,광주광역시
154,여르미오페스티벌,경기도 안산시 단원구 화랑로 312,37.318426,126.823108,경기도
155,안산국제거리극축제,경기도 안산시 단원구 광덕대로 157,37.310742,126.829822,경기도
157,동해무릉제,강원특별자치도 동해시 덕골길 10,37.51606095,129.1021986,강원특별자치도
167,2023 필터 페스티벌(Filter Festival),제주특별자치도 제주시 도리로 15-20,33.497455,126.4538441,제주특별자치도
168,2023 컬러풀 산지(Colorful SANJI) 페스티벌,제주특별자치도 제주시 관덕로17길,33.513174,126.527262,제주특별자치도
169,여름꽃 이야기 비체올린 능소화 축제,제주특별자치도 제주시 한경면 판조로 253-6,33.349451,126.2181908,제주특별자치도
170,보롬왓 축제,제주특별자치도 서귀포시 표선면 번영로 2350-104,33.413476,126.7524948,제주특별자치도
171,2023 제주 요가 페스티벌,제주특별자치도 제주시 연삼로 286,33.491679,126.523098,제주특별자치도
172,세상에 이런(E-RUN) 트립 in 우도,제주특별자치도 제주시 우도면 우도해안길 32-12,33.493222,126.956166,제주특별자치도
173,2023 세계인제주 외국인 커뮤니티 제전,제주특별자치도 제주시 중앙로 2,33.51814757,126.5239547,제주특별자치도
174,이천도자기축제,경기도 이천시 신둔면 도자예술로5번길 109,37.29309775,127.385686,경기도
175,설봉산별빛축제,경기도 이천시 경충대로2697번길 304,37.27792699,127.425921,경기도
176,체험문화축제,경기도 이천시 신둔면 도자예술로5번길 109,37.29309775,127.385686,경기도
177,춘천마임축제 걷다 보는 마임,강원도 춘천시 춘천로 112 축제극장몸짓,37.873089,127.727845,강원특별자치도
178,춘천마임축제 대학로 문화의 거리,강원도 춘천시 춘천로 112 축제극장몸짓,37.873089,127.727845,강원특별자치도
179,제33회 춘천인형극제 국내 참가작 공모,강원도 춘천시 영서로 3017,37.92101625,127.720197,강원특별자치도
180,제21회 옥천묘목축제,충청북도 옥천군 이원면 이원로 830,36.2466099782,127.6268656086,충청북도
181,제14회 옥천참옻축제,충청북도 옥천군 옥천읍 중앙로 131,36.30827363,127.5729751,충청북도
182,제15회 향수옥천 포도·복숭아 축제,충청북도 옥천군 옥천읍 관성로 53,36.30307359,127.5758071,충청북도
183,정선아리랑제,강원특별자치도 정선군 정선읍 애산로 51,37.37638383,128.671536,강원특별자치도
192,동두천 무형문화재 축제,nan,37.93877612,127.0857429,nan
193,왕방산 국제MTB대회,경기도 동두천시 어등로 45,37.90083977,127.0704987,경기도
194,천사마라톤대회,경기도 동두천시 어등로 45,37.90083977,127.0704987,경기도
195,여르미오페스티벌,경기도 안산시 단원구 화랑로 312,37.318426,126.823108,경기도
196,2020 역발상전,강원도 춘천시 영서로 2260,37.86404439,127.72391519,강원특별자치도
197,만나고 싶었습니다 - 창작의 자극 그리고 예술로 환기,강원도 춘천시 향교앞길 13-4 1층,37.879892,127.734359,강원특별자치도
198,공공미술렌탈프로젝트 춘천예술공감공공청사 미술 전시展,강원도 춘천시 시청길 11,37.8813879,127.72977332,강원특별자치도
199,제18회 강원아트페어 춘천전 자연에서 다시 태어나는 예술,강원도 춘천시 효자상길5번길 13,37.87261579,127.72934048,강원특별자치도
200,안성환 무심 無心 -쉬어 가다,강원도 춘천시 동내면 거두택지길44번길 7-19,37.85454653,127.758295,강원특별자치도
201,2022 강원도 지역문제 발견 오픈테이블,강원도 춘천시 공지로 255(효자동),37.86462536,127.73542101,강원특별자치도
202,제 29회 봄내예술제 봄내미술인전_시민과 예술인의 만남,강원도 춘천시 서부대성로 71,37.88237413,127.731376,강원특별자치도
203,춘천 핸드메이드 브랜드와 함께 하는 마켓396 5월,강원도 춘천시 중앙로 186,37.87434326,127.71455706,강원특별자치도
204,연극뷰티풀라이프-춘천,강원도 춘천시 서부대성로239번길 7,37.873327,127.744841,강원특별자치도
205,2022춘천막국수닭갈비축제,강원도 춘천시 시청길 11 춘천시청,37.881339,127.72977332,강원특별자치도
206,2022 청년 문화정책을 더하다,강원도 춘천시 우석로 70(석사동),37.86401877,127.7521907,강원특별자치도
207,마켓396 10월HALLOWEEN MARKET,강원도 춘천시 중앙로 186(근화동),37.87434326,127.71455706,강원특별자치도
208,2022 춘천 “별의 별Star & Star Folk concert,강원도 춘천시 서부대성로44번길 2,37.883149,127.727619,강원특별자치도
209,墨-사람다움을 담다,강원도 춘천시 서부대성로48번길 26-1(요선동),37.881034,127.7278146,강원특별자치도
210,대전효문화뿌리축제,대전광역시 중구 뿌리공원로 47,36.28533721,127.3844931,대전광역시
211,정선아리랑제,강원특별자치도 정선군 정선읍 봉양3길 17,37.38024298,128.6602287,강원특별자치도
212,홍성 유기농업특구 축제,충청남도 홍성군 홍동면 문당길 142,36.5366466413,126.7036123744,충청남도
213,삼척정월대보름제,강원특별자치도 삼척시 엑스포로 45,37.43896231,129.160145,강원특별자치도
214,삼척맹방유채꽃행사,강원특별자치도 삼척시 근덕면 삼척로 3916-112(마을회관),37.40072352,129.2117828,강원특별자치도
215,황영조 국제 마라톤 대회,강원특별자치도 삼척시 엑스포로 45,37.43896231,129.160145,강원특별자치도
216,삼척장미축제,강원특별자치도 삼척시 오십천로 536,37.43501045,129.1752024,강원특별자치도
217,삼척비치썸페스티벌,강원특별자치도 삼척시 테마타운길 19,37.46667271,129.1705322,강원특별자치도
218,삼척동해왕이사부축제,강원특별자치도 삼척시 오십천로 536,37.43501045,129.1752024,강원특별자치도
219,삼척평생학습박람회 및 책축제,강원특별자치도 삼척시 청석로3길 16-41,37.44912555,129.1780308,강원특별자치도
220,삼척종합예술제,강원특별자치도 삼척시 엑스포로 45,37.43896231,129.160145,강원특별자치도
221,삼척민족예술제,강원특별자치도 삼척시 엑스포로 45,37.43896231,129.160145,강원특별자치도
226,미추홀미디어문화축제,인천광역시 미추홀구 주안로 95-19,37.46498257,126.6806038,인천광역시
227,창녕 문화재 야행(창녕 별빛 마실),nan,35.53941008,128.4971008,nan
228,산토끼와 따오기가 함께하는 창작동요제,경상남도 창녕군 창녕읍 우포2로 1189-25,35.54473636,128.4902051,경상남도
229,창녕양파가요제,경상남도 창녕군 창녕읍 창녕대로 305,35.52088133,128.5049206,경상남도
230,우포따오기와 함께하는 비사벌문화제,nan,35.53941008,128.4971008,nan
231,부곡온천축제,nan,35.43746252,128.588844,nan
232,3.1민속문화제,경상남도 창녕군 영산면 영산계성로 110-15,35.46260178,128.5259178,경상남도
233,낙동강유채축제,nan,35.38472041,128.471585,nan
234,의왕백운호수축제,경기도 의왕시 백운로 526,37.38321565,127.000756,경기도
235,의왕철도축제,경기도 의왕시 철도박물관로 142 철도박물관,37.314086,126.9513109,경기도
236,Green life Green art,강원도 춘천시 동면 공단로 104,37.895357,127.74896399,강원특별자치도
237,치악산왕발걸음축제,강원도 원주시 소초면 평장동길 86-16,37.4186377,128.0031734,강원특별자치도
238,제25회 원주한지문화제,강원도 원주시 한지공원길 151,37.3343755,127.9353957,강원특별자치도
239,제16회 용수골꽃양귀비축제,강원도 원주시 한지공원길 151,37.3343755,127.9353957,강원특별자치도
240,제21회 장미축제,강원도 원주시 장미공원길 67-16,37.34588179,127.9311849,강원특별자치도
254,2014 안양 아줌마축제,경기도 안양시 동안구 관평로 149 (평촌동),37.390137,126.9613287,경기도
255,2015 안양 시민축제,경기도 안양시 동안구 관평로 149 (평촌동),37.390137,126.9613287,경기도
256,2015 안양 아줌마축제,경기도 안양시 동안구 관평로 149 (평촌동),37.390137,126.9613287,경기도
257,제5회 인제가을꽃축제,nan,37.99772638,128.098499,nan
258,단종문화제,강원특별자치도 영월군 영월읍 단종로 24,37.18609549,128.4681825,강원특별자치도
259,동강국제사진제,강원특별자치도 영월군 영월읍 영월로 1909-10,37.18193994,128.4615511,강원특별자치도
260,영월동강뗏목축제,nan,37.17968547,128.4698463,nan
261,김삿갓문화제,강원특별자치도 영월군 김삿갓면 김삿갓로 216-22,37.07949201,128.6017366,강원특별자치도
262,지리산 바래봉 눈꽃축제,전라북도 남원시 운봉읍 바래봉길 214,35.43509151,127.5486169,전북특별자치도
263,지리산 뱀사골 고로쇠 약수제,전라북도 남원시 산내면 지리산로 842-8,35.3769935,127.581604,전북특별자치도
264,지리산 바래봉 철쭉제,전라북도 남원시 운봉읍 바래봉길 214,35.43509151,127.5486169,전북특별자치도
265,제93회 춘향제,전라북도 남원시 요천로 1447,35.40413057,127.380504,전북특별자치도
266,2023 남원 세계드론제전,전라북도 남원시 충정로 341,35.43086878,127.4054593,전북특별자치도
267,예산장터삼국축제,충청남도 예산군 예산읍 천변로 160,36.67611933,126.8479256,충청남도
268,의좋은형제축제,충청남도 예산군 대흥면 의좋은형제길 3,36.60652823,126.7921951,충청남도
269,윤봉길평화축제,nan,36.6875919,126.6515946,nan
270,예산황토사과축제,충청남도 예산군 예산읍 예산로 354,36.67616722,126.8617272,충청남도
271,구로G페스티벌,서울특별시 구로구 가마산로 245,37.49551123,126.8882891,서울특별시
272,2024 김포 아라마린페스티벌,nan,37.59870927,126.7878826,nan
273,2024 김포 평화누리길 걷기 행사,nan,37.64048159,126.5409612,nan
276,2022 경기인디뮤직페스티벌(삭제),nan,37.59870927,126.7878826,nan
277,제23회 정동진독립영화제,강원도 강릉시 강동면 헌화로 1055,37.68735318,129.0336174,강원특별자치도
278,강릉문화재야행,강원도 강릉시 임영로131번길 6 (용강동),37.75294455,128.8919029,강원특별자치도
279,고창벚꽃축제,전라북도 고창군 고창읍 석정2로 171,35.431555566,126.7398690923,전북특별자치도
280,바지락 오감체험 페스티발,전라북도 심원면 서전길 55-21,35.5400984633,126.5617173,전북특별자치도
281,고창청보리밭축제,전라북도 고창군 공음면 학원농장길 158-6,35.37610584,126.543619,전북특별자치도
282,동학농민혁명 무장기포기념제,전라북도 고창군 공음면 선운대로 308,35.4037328,126.4955322,전북특별자치도
283,고창복분자와수박축제,전라북도 고창군 아산면 선운사로 250,35.49769748,126.5795174,전북특별자치도
284,강동선사문화축제,서울특별시 강동구 올림픽로 875 (암사동),37.55985381,127.1308316,서울특별시
285,진주영 틈,강원도 춘천시 동내면 거두택지길44번길 7-19,37.854519,127.758213,강원특별자치도
286,장혜란 개인전 - Back ground,강원도 춘천시 약사고개길50번길 10-1,37.873506,127.72644,강원특별자치도
287,화이트릭스마스2 산타피습사건,강원도 춘천시 영서로 3017 춘천인형극장,37.92101625,127.72010452,강원특별자치도
288,김명숙 영혼의 정원,강원도 춘천시 서부대성로 71,37.88237413,127.73137363,강원특별자치도
289,제18회 춘천현대사생대회展,강원도 춘천시 서부대성로 71,37.88237413,127.73137363,강원특별자치도
290,천년 고려 숨결로 만나는 청평유람淸平流覽 좋을씨구,강원도 춘천시 북산면 오봉산길 810 청평사,37.985956,127.808788,강원특별자치도
291,그래미 수상자와 함께하는 춘천 10년의 문화동행 FESTA NYCC 2022,강원도 춘천시 효자상길5번길 13,37.87261579,127.72938,강원특별자치도
292,길종갑 사창리사람들,강원도 춘천시 동내면 거두택지길44번길 7-19,37.854519,127.758213,강원특별자치도
293,도보여행 서숙희이효숙최선아이현정최유선최덕화LUCY,강원도 춘천시 서면 박사로854,37.89302024,127.69192441,강원특별자치도
294,삶의 순환,강원도 춘천시 영서로 2260 1층 문화공간역,37.864029,127.72391519,강원특별자치도
295,강원도립극단 연극 카페인,강원도 춘천시 서부대성로 71 봄내극장,37.88237413,127.73137363,강원특별자치도
296,윤명식 개인전,강원도 춘천시 영서로 2260 1층 문화공간역,37.864029,127.72391519,강원특별자치도
300,2023 대덕물빛축제,대전광역시 대덕구 대청로 607,36.47362538,127.4735679,대전광역시
301,동춘당문화제,대전광역시 대덕구 동춘당로 80 (동춘당),36.36537889,127.4412933,대전광역시
302,구민화합대잔치,nan,36.47378332,127.476024,nan
303,창원진동불꽃낙화축제,경상남도 창원시 마산합포구 진동면 광암해안길16-1,35.10418995,128.4971465,경상남도
305,야철제,경상남도 창원시 성산구 성산패총로 137,35.20793223,128.6792735,경상남도
307,2022 양천 창의교육 축제 X 과학체험한마당,서울특별시 양천구 목동동로 지하 111 (신정동),37.518281,126.868112,서울특별시
308,2022년 제6회 파리공원문화축제,서울특별시 양천구 목동동로 363 (목동),37.534478,126.877145,서울특별시
309,2023 양천 가을 문화 축제,서울특별시 양천구 남부순환로64길 26,37.52648878,126.832653,서울특별시
310,2023 양천가을문화축제: 제10회 양천북페스티벌,서울특별시 양천구 남부순환로64길 26,37.52648878,126.832653,서울특별시
311,제3회 능골산문화축제,서울특별시 양천구 남부순환로64길 2,37.528202,126.832193,서울특별시
312,2023년 제5회 등마루축제,서울특별시 양천구 목동중앙남로16나길55,37.544741,126.864436,서울특별시
313,2023년 제7회 파리공원문화축제,서울특별시 양천구 목동동로 363 (목동),37.534478,126.877145,서울특별시
314,목2동 용왕산 달빛거리 축제,서울특별시 양천구 목동중앙북로16길 57,37.543665,126.873986,서울특별시
315,2023년 고운달 마을사랑 대잔치,서울특별시 양천구 곰달래로1길 38(신월동),37.532806,126.831527,서울특별시
316,제2회 신정7동 갈산-목련 축제,서울특별시 양천구 목동동로 10,37.50775811,126.8613099892,서울특별시
317,제5회 신정1동 마을축제,nan,37.520128,126.854136,nan
318,응봉산 해맞이 축제,nan,37.5470918784,127.0291912736,nan
319,2022 대한민국 소극장 열전 in 춘천,강원도 춘천시 신동면 풍류1길 34,37.81795,127.719716,강원특별자치도
325,2022 양산봄꽃축제,경상남도 양산시 신기강변로 26(신기동),35.35002163,129.0341247,경상남도
326,원동미나리축제,경상남도 양산시 원동면 원동로 1708,35.38015379,128.9211173,경상남도
327,배내골고로쇠축제,경상남도 양산시 원동면 배내로 431,35.4865568,128.985548,경상남도
328,원동매화축제,경상남도 양산시 원동면 원동로 2220,35.42085217,128.9410364,경상남도
329,양산시청소년한마음축제,경상남도 양산시 중앙로 39-1,35.33345033,129.0367575,경상남도
330,2022 양산 월드 힙합 어벤져스,경상남도 양산시 낙동로 295-9,35.30173083,128.9895949,경상남도
331,2023 양산웅상회야제,경상남도 양산시 배움터길 60-19,35.37762612,129.1434299,경상남도
332,어린이날 가족한마당,경상남도 양산시 배움터길 60-19,35.37762612,129.1434299,경상남도
333,2023 양산삽량문화축전,경상남도 양산시 양산대로 849,35.34855992,129.0354984,경상남도
339,2019 안양충훈벚꽃축제,경기도 안양시 만안구 석수로 159,37.404615,126.896157,경기도
340,천안흥타령춤축제,충청남도 천안시 서북구 번영로 208,36.81910075,127.1133052,충청남도
341,입장거봉포도축제,충청남도 천안시 서북구 입장면 하장4길 19,36.91362961,127.2197586,충청남도
342,천안성환배축제,충청남도 천안시 서북구 성환읍 성진로 15,36.91253596,127.1366796,충청남도
343,천안호두축제,충청남도 천안시 동남구 광덕면 광덕리 403,36.67384328,127.053876,충청남도
344,고창모양성제,전라북도 고창군 고창읍 중앙로 292,35.43534518,126.7066502,전북특별자치도
354,안산국제거리극축제,경기도 안산시 단원구 광덕대로 157,37.310742,126.829822,경기도
355,여르미오페스티벌,경기도 안산시 단원구 화랑로 312,37.318426,126.823108,경기도
356,제6회 상록수문화제,경기도 안산시 상록구 샘골서길 64,37.299644,126.8627402,경기도
357,안산국제거리극축제,경기도 안산시 단원구 광덕대로 157,37.310742,126.829822,경기도
358,제7회 상록수문화제,경기도 안산시 상록구 샘골서길 64,37.299644,126.8627402,경기도
359,안산국제거리극축제,경기도 안산시 단원구 화랑로 312(고잔동),37.31842647,126.8231075,경기도
360,여르미오페스티벌,경기도 안산시 단원구 화랑로 312,37.318426,126.823108,경기도
365,한강 낙동강 발원지 축제,강원특별자치도 태백시 장성1길 171,37.10051315,129.0082172,강원특별자치도
366,삼수 매봉산 바람개비 축제,강원특별자치도 태백시 장성1길 171,37.10051315,129.0082172,강원특별자치도
367,장성 탄탄마을 축제,강원특별자치도 태백시 장성1길 171,37.10051315,129.0082172,강원특별자치도
368,태백 황지연못 황부자며느리 축제,강원특별자치도 태백시 장성1길 171,37.10051315,129.0082172,강원특별자치도
369,철암 단풍축제,강원특별자치도 태백시 장성1길 171,37.10051315,129.0082172,강원특별자치도
370,태백산 눈축제,강원특별자치도 태백시 장성1길 171,37.10051315,129.0082172,강원특별자치도
384,2022 마임아카데미 몸짓워크숍,강원도 춘천시 후석로186번길 22 지하 1층,37.867857,127.725594,강원특별자치도
404,진해군항제,경상남도 창원시 진해구 진해대로 649,35.15910822,128.6869245,경상남도
405,진해군악의장페스티벌,경상남도 창원시 진해구 충무로 43(도만동),35.14836103,128.6554537,경상남도
406,마산국화축제,경상남도 창원시 마산합포구 해안대로 180,35.19164153,128.5677047,경상남도
407,장수 한우랑 사과랑 축제,전라북도 장수군 장수읍 한누리로 393,35.6411154,127.5181094,전북특별자치도
408,도봉서원 춘·추향제,서울특별시 도봉구 도봉산길 90,37.6853826,127.0325089,서울특별시
409,도봉산 산사축제,서울특별시 도봉구,37.6864694,127.033968,서울특별시
410,도봉구민 건강축제,서울특별시 도봉구 마들로 656,37.6686287,127.0470496,서울특별시
411,2024 예천활축제,nan,36.64810235,128.4492109,nan
412,2024 곤충 & 서머쿨 페스티벌,nan,36.64810235,128.4492109,nan
413,2024 삼강주막나루터축제,경상북도 예천군 풍양면 삼강리길 33,36.5638601,128.299201,경상북도
414,2024 문화유산야행,경상북도 예천군 용문면 금당실길 52-16,36.69111082,128.4117546,경상북도
415,양양문화제,nan,38.0731223,128.6241919,nan
416,양양 송이&연어축제,nan,38.0731223,128.6241919,nan
417,제천국제음악영화제,충청북도 제천시 의림대로12길 14-1,37.136923,128.2065521,충청북도
418,제천의병제,충청북도 제천시 의림대로 125,37.13923321,128.210774,충청북도
419,사하예술제,부산광역시 사하구 낙동남로1233번길 25,35.110059,128.9449571,부산광역시
420,광양매화축제,전라남도 광양시 시청로 33,34.94063056,127.6959675,전라남도
421,광양천년동백축제,전라남도 광양시 옥룡면 신재로 624,35.01695051,127.6192703,전라남도
422,백운산국사봉철쭉제,전라남도 광양시 옥곡면 옥진로 665-1,34.98936299,127.7001825,전라남도
423,광양전어축제,전라남도 광양시 진월면 망덕길 265,34.97164706,127.7587907,전라남도
424,광양숯불구이축제,전라남도 광양시 광양읍 남등길 6,34.9733415,127.5810489,전라남도
425,광양k-pop 슈퍼 페스티벌,전라남도 광양시 광양읍 매천로 695-20,34.98292286,127.5754151,전라남도
432,文美貪,강원도 춘천시 서부대성로 71,37.88237413,127.731341,강원특별자치도
433,Your Body,강원도 원주시 문막읍 비야동길 11,37.273986,127.802217,강원특별자치도
434,마임프린지,강원도 춘천시 춘천로 112,37.873069,127.727824,강원특별자치도
435,도봉산 산사축제,서울특별시 도봉구,37.6864694,127.033968,서울특별시
436,도봉구민 건강축제,서울특별시 도봉구 마들로 656,37.6686287,127.0470496,서울특별시
437,둔내고랭지토마토축제,강원특별자치도 횡성군 둔내면 경강로 4708,37.516751,128.2137118,강원특별자치도
438,횡성더덕축제,강원특별자치도 횡성군 청일면 유동로 17,37.58392059,128.1502908,강원특별자치도
439,안흥찐빵축제,강원특별자치도 횡성군 안흥면 주천강로 1868,37.40978635,128.1554843,강원특별자치도
440,횡성한우축제,강원특별자치도 횡성군 횡성읍 문화체육로 57,37.49608715,127.9891498,강원특별자치도
441,횡성호수길축제,강원특별자치도 횡성군 횡성읍 갑천면 구방5길40,37.545992,128.067183,강원특별자치도
442,횡성회다지소리축제,강원특별자치도 횡성군 우천면 정포로 37,37.5038326258,128.1012677582,강원특별자치도
443,전국요트대회,전라남도 보성군 회천면 우암길 24,34.670017,127.0890241277,전라남도
444,보성데일리콘서트 및 드론라이트쇼,전라남도 보성군 보성읍 현충로 92-20,34.767457,127.0826775486,전라남도
445,양천구 해우리문화축제 <바람난 양천>,서울특별시 양천구 목동서로 367 (신정동),37.516523,126.863342,서울특별시
446,제1회 신정7동 갈산- 호돌이 축제,서울특별시 양천구 목동동로 50,37.51209479,126.8602911,서울특별시
447,도봉 과학축전,서울특별시 도봉구 마들로 656,37.6686287,127.0470496,서울특별시
448,도봉구 등축제,서울특별시 도봉구,37.6617028,127.0382005,서울특별시
449,순창장류축제,전라북도 순창군 순창읍 민속마을길 6-3,35.36859967,127.1099773,전북특별자치도
453,연극 통일 익스프레스,강원도 춘천시 춘천로 112,37.873069,127.727824,강원특별자치도
454,창작뮤지컬 흰 사과나무,강원도 춘천시 한림대학길 1,37.88542866,127.7349573,강원특별자치도
455,춘천아트페스티벌,강원도 춘천시 춘천로281번길 15 A동 503호,37.881501,127.743005,강원특별자치도
456,2020춘천조각공공미술심포지엄,강원도 춘천시 소양로 77,37.880714,127.72070696,강원특별자치도
457,슬기로운 협동생활,강원도 춘천시 공지로 255,37.86462536,127.73542101,강원특별자치도
458,강원문화재단요선시장 코로나땡 동그랑땡,강원도 춘천시 금강로 11 KT춘천지사 2층,37.882424,127.723891,강원특별자치도
459,제5회 인제가을꽃축제,nan,37.99772638,128.098499,nan
460,치악산왕발걸음축제,강원도 원주시 소초면 평장동길 86-16,37.4186377,128.0031734,강원특별자치도
461,제25회 원주한지문화제,강원도 원주시 한지공원길 151,37.3343755,127.9353957,강원특별자치도
462,제16회 용수골꽃양귀비축제,강원도 원주시 한지공원길 151,37.3343755,127.9353957,강원특별자치도
463,제21회 장미축제,강원도 원주시 장미공원길 67-16,37.34588179,127.9311849,강원특별자치도
464,제13회 남한강축제,강원도 원주시 부론면 앙암로 1234,37.20602239,127.7482249,강원특별자치도
465,치악산찰옥수수축제,nan,37.3087155,127.8115249,nan
466,치악산복숭아축제,강원도 원주시 단구로 170,37.3364295,127.9462614,강원특별자치도
467,2023 원주 댄싱카니발,강원도 원주시 단구로 170,37.3364295,127.9462614,강원특별자치도
468,981데이 : 중력 구월,제주특별자치도 제주시 애월읍 천덕로 880-24,33.39003694,126.3665286,제주특별자치도
469,2023 하영올레 걷기 축제 & 걷기주간,제주특별자치도 서귀포시 중앙로 105,33.25420363,126.5602182,제주특별자치도
470,제19회 쇠소깍 축제,제주특별자치도 서귀포시 쇠소깍로 128,33.25214808,126.6230025,제주특별자치도
471,절물약수암 제6회 산사음악회,제주특별자치도 제주시 명림로 584,33.44004881,126.6252034,제주특별자치도
472,제2회 화북 포구문화제,제주특별자치도 제주시 금산5길 18,33.52450753,126.5645726,제주특별자치도
473,2023성안올레걷기축제,제주특별자치도 제주시 중앙로3길 36,33.5151523,126.5283424,제주특별자치도
474,제28회 오리문화제,경기도 광명시 철망산로 42,37.4674687,126.8732102,경기도
475,제29회 오리문화제,경기도 광명시 철망산로 42,37.4674687,126.8732102,경기도
476,농악대축제,경기도 광명시 철망산로 42,37.4674687,126.8732102,경기도
477,지식정보화시대 책이 밥 먹여 주는 시대,강원도 춘천시 공지로 255,37.864634,127.735428,강원특별자치도
478,2021 강원도민 연극교실 금쪽같은 우리엄빠 참여자 모집,강원도 춘천시 안마산로 89 4층,37.85546242,127.7258527,강원특별자치도
479,2021 정책아카데미 청년정책기획자 양성 과정 참여자 모집 안내,강원도 춘천시 신샘밭로 89 강원도청소년수련원,37.92294014,127.72063894,강원특별자치도
480,창조성워크샵 creativity,강원도 춘천시 영서로 2299,37.865771,127.719531,강원특별자치도
481,재춘천인형극제_2021 콘텐츠 창의인재 동반 사업_공연예술의 저작권관련법,강원도 춘천시 영서로 3017,37.92101625,127.720197,강원특별자치도
482,한국저작권위원회 2021년 11월 무료 온라인 교육 안내,경상남도 진주시 충의로 19,35.17824568,128.14616704,경상남도
483,2021 상상언더 청소년 교육생 모집밴드 댄스,강원도 춘천시 중앙로 38-5 다74-75,37.8830376,127.72831632,강원특별자치도
484,춘천인형극제 문화예술교육사 실습처 문화예술 장르의 결합과 현장실습,세종특별자치시 갈매로 388 정부세종청사 15동,36.497575,127.265787,세종특별자치시
485,2021 청년청 일자리 지원사업 글로벌기업취업JOB GO 시즌2 모집안내,강원도 춘천시 공지로 255 3층,37.86462536,127.73542101,강원특별자치도
486,춘천시 청년청 청춘클라스 3차 네트워킹데이 춘천의 길 투어프로그램,강원도 춘천시 공지로 255,37.86462536,127.73542101,강원특별자치도
487,홍라무와 함께하는 몸시 워크샵,강원도 춘천시 행촌로 35(퇴계동),37.85984082,127.724394,강원특별자치도
488,한국관광공사 2021 공연관광 마케팅 아카데미_사전모집,강원도 춘천시 중앙로 16 무림빌딩,37.88342559,127.7299087,강원특별자치도
489,통합문화예술교육프로그램 나와 만나는 예술 속 몸 짓 손 짓,강원도 춘천시 영서로 3017,37.92101625,127.720197,강원특별자치도
490,2021 강원도립극단 배우술훈련,강원도 춘천시 안마산로 89 4층,37.85546242,127.7258527,강원특별자치도
491,달콤한 잠A Sweet Slumber,강원도 춘천시 춘천로 112,37.873069,127.727824,강원특별자치도
492,2020 강원민족예술한마당 끽해야 한판,강원도 춘천시 수변공원길 18,37.87454686,127.70619713,강원특별자치도
493,뮤지컬 루나틱,강원도 춘천시 효자상길5번길 13,37.87261579,127.72934048,강원특별자치도
494,2022링크전-○△□,강원도 춘천시 영서로 2260,37.86404439,127.72391519,강원특별자치도
495,2022 서현종 개인전,강원도 춘천시 동면 공단로 104,37.895357,127.74896399,강원특별자치도
496,제19회 겸로 이형제 개인전 봄내의 골목길-어제와 오늘,강원도 춘천시 서부대성로 71,37.88237413,127.731335,강원특별자치도
497,강원대학교 산학협력단 K-Digital Training 제2기 교육생 모집,강원도 춘천시 강원대학길 1,37.86802431,127.74838741,강원특별자치도
498,자연과 영혼을 담은 구자근展,강원도 춘천시 서부대성로 71,37.88237413,127.731335,강원특별자치도
499,한동국 현관문,강원도 춘천시 동내면 거두택지길44번길 7-19,37.85454653,127.758295,강원특별자치도
500,2022 춘천학 학술대회 댐과 춘천의 미래,강원도 춘천시 강원대학길 1,37.86802431,127.74838741,강원특별자치도
501,할말하않 황효창展,강원도 춘천시 동내면 거두택지길44번길 7-19,37.85454653,127.758295,강원특별자치도
502,힘찬 제왕수탉_ 제왕수탉 힘찬울림 Coq-imperial Powerful sound,강원도 춘천시 서부대성로 71,37.88237413,127.731335,강원특별자치도
503,유관선 사진전- 해빙,강원도 춘천시 영서로 2260,37.86404439,127.72391519,강원특별자치도
504,길창인 개인전 - 회귀,강원도 춘천시 금강로 86,37.87764946,127.72981,강원특별자치도
505,춘천여성미술작가회『만화방창』展,강원도 춘천시 서부대성로 71,37.88237413,127.731335,강원특별자치도
506,제2회 춘천 국제 어린이 그림 교류전,강원도 춘천시 서부대성로 71,37.88237413,127.731335,강원특별자치도
507,애니메이션박물관 제17회 기획전 세상을 바꾼 불꽃 태일이,강원도 춘천시 서면 박사로 854 애니메이션박물관,37.892994,127.691958,강원특별자치도
508,개나리미술관 신진작가공모 선정작가전-최인엽,강원도 춘천시 동내면 거두택지길44번길 7-19,37.85454653,127.758295,강원특별자치도
509,Re Birth - 다시 삶으로,강원도 춘천시 서부대성로 71,37.88237413,127.731335,강원특별자치도
510,2022 KT&G 상상마당 춘천 아트갤러리 정기대관 공고,강원도 춘천시 스포츠타운길399번길 25 어린이회관,37.874066,127.702455,강원특별자치도
511,만나고 싶었습니다 창작의 자극 그리고 예술로 환기,강원도 춘천시 향교앞길 13-4 1층,37.879892,127.734359,강원특별자치도
512,대관령눈꽃축제,강원특별자치도 평창군 대관령면 사부랑길224-2,37.7049335581,128.701772347,강원특별자치도
514,고창갯벌축제,전라북도 고창군 심원면 애향갯벌로 320,35.53007446,126.5150432,전북특별자치도
515,무장읍성축제,전라북도 고창군 무장면 무장읍성길 45,35.41841778,126.5573463,전북특별자치도
516,고창해풍고추축제,전라북도 고창군 해리면 청해1길 15,35.46113146,126.5378146,전북특별자치도
517,강원도립극단 우리가족 본격 소통 공감 연극 놀이터 금쪽같은 우리 엄빠,강원도 춘천시 안마산로 89 4층,37.85546242,127.7258527,강원특별자치도
518,자연이 주는 선물_신동필 사진전,강원도 춘천시 서부대성로 71,37.88237413,127.73132,강원특별자치도
519,가정식 백반 맛있게 먹는 법,강원도 춘천시 신동면 풍류1길 34,37.81795,127.719716,강원특별자치도
520,2022 도시재생 청소년 메이커스쿨,강원도 춘천시 충열로67번길 7-1,37.900237,127.734436,강원특별자치도
521,연극 소낙비처우,강원도 춘천시 신동면 풍류1길 34,37.817974,127.719769,강원특별자치도
522,무하 MOOHA SPACE OF YANGYANG,강원도 춘천시 동내면 거두택지길44번길 7-19,37.854513,127.758243,강원특별자치도
523,Connect musical,강원도 춘천시 남산면 북한강변길 688,37.83001982,127.57862322,강원특별자치도
524,제2회 春川共感展_춘천공감전,강원도 춘천시 서부대성로 71,37.88237413,127.73137363,강원특별자치도
525,2022 춘천예술문화축제,강원도 춘천시 스포츠타운길399번길 25,37.87361778,127.70209163,강원특별자치도
526,시민과 함께하는 라이브러리 치유 콘서트,강원도 춘천시 우석로 100,37.86198997,127.75501864,강원특별자치도
527,2022 춘천오페라페스티발 카르멘,강원도 춘천시 스포츠타운길399번길 25,37.87361778,127.70209163,강원특별자치도
528,2022 강원콘텐츠코리아랩 창작공모전,강원도 춘천시 서면 박사로 854,37.89302024,127.69192441,강원특별자치도
529,2023 구리 유채꽃 한강예술제,경기도 구리시 코스모스길14번길 249(토평동),37.574478,127.132863,경기도
530,2023 구리 코스모스 한강예술제,경기도 구리시 코스모스길14번길 249(토평동),37.574478,127.132863,경기도
535,어린이 창작무용극 갓깨비,강원도 춘천시 춘천로 112,37.87309537,127.727858,강원특별자치도
536,2022 실레페스트Sille Fest 강원 국제 아마추어 연극제,강원도 춘천시 신동면 풍류1길 34,37.81797,127.719774,강원특별자치도
537,영서기획- Work&Art Balance,강원도 춘천시 스포츠타운길 399번길 25,37.87361778,127.70209163,강원특별자치도
538,still a cat,강원도 춘천시 안마산로 21,37.858745,127.71921,강원특별자치도
539,한선주展_Dearest Yoricke 친애하는 요릭에게,강원도 춘천시 스포츠타운길399번길 25 어린이회관,37.874066,127.702455,강원특별자치도
540,제27회 무주반딧불축제,전라북도 무주군 무주읍 한풍루로 326-14,36.00262216,127.6614905,전북특별자치도
545,제27회 제주국제관광마라톤축제,제주특별자치도 제주시 구좌읍 김녕로 209,33.55518546,126.762746,제주특별자치도
546,2023 서귀포 유채꽃축제,제주특별자치도 서귀포시 표선면 녹산로 381-15,33.3830788,126.7362847,제주특별자치도
547,제12회 우도소라축제,제주특별자치도 제주시 우도면 우도해안길 70,33.4928045,126.9515414,제주특별자치도
548,한라산청정고사리축제,제주특별자치도 서귀포시 남원읍 서성로 788,33.3300573,126.6773386,제주특별자치도
549,가파도청보리축제,제주특별자치도 서귀포시 대정읍 가파로 2,33.1662259,126.2689356,제주특별자치도
550,강정마을 생태축제,제주특별자치도 서귀포시 이어도로 668,33.2337406,126.4875172,제주특별자치도
551,관악강감찬축제,서울특별시 관악구 낙성대로 77,37.47197208,126.959371,서울특별시
552,광안리어방축제,부산광역시 수영구 남천동로100,35.14537016,129.1123694,부산광역시
553,광주김치축제,광주광역시 남구 김치로 60,35.10966818,126.8666534,광주광역시
554,김덕림 개인전 나를 사랑한 색 - 어울림의 빛을 나누다,강원도 춘천시 도화길6번길 9,37.875012,127.73684442,강원특별자치도
555,윤운복 개인전 Remember60展,강원도 춘천시 서부대성로 71,37.88237413,127.73137363,강원특별자치도
556,제34회 춘천인형극제 코코바우 스테이지 12월 기획공연,강원도 춘천시 영서로 3017 춘천인형극장,37.921529,127.720178,강원특별자치도
557,강원도립극단 뮤지컬 무궁화 꽃이 피었습니다,강원도 춘천시 영서로 3017 춘천인형극장,37.921529,127.720178,강원특별자치도
558,지유선 개인전 무지개 터널에서 만나,강원도 춘천시 약사고개길50번길 10-1,37.873522,127.726477,강원특별자치도
559,The Frame,강원도 춘천시 춘천로 112,37.87307,127.72781018,강원특별자치도
560,해를 낚은 할아버지,강원도 춘천시 영서로 3017 춘천인형극장,37.921529,127.720178,강원특별자치도
561,소프라노 이효영 귀국 독창회,강원도 춘천시 효자상길5번길 13,37.87261579,127.72934048,강원특별자치도
562,연극 금따는 콩밭,강원도 춘천시 신동면 풍류1길 34,37.817982,127.71970784,강원특별자치도
563,창작국악뮤지컬 어라연 연가,강원도 춘천시 춘천로 112,37.87307,127.72781018,강원특별자치도
564,마스터클래스 23회차 영혼의 기타리스트 이근형 vs 괴물연주자 베이시스트 장태웅,강원도 춘천시 서면 박사로 854,37.89302024,127.69192441,강원특별자치도
565,하녀들,강원도 춘천시 서부대성로 71 봄내극장,37.88245,127.73126,강원특별자치도
566,송연교의 춤 카르마 業,강원도 춘천시 춘천로 112,37.87307,127.72781018,강원특별자치도
567,안형국 Dance Company 틀 무용 자유일기,강원도 춘천시 춘천로 112,37.87307,127.72781018,강원특별자치도
568,음악극 브릴리언트-찬란하게 빛나던,강원도 춘천시 서부대성로239번길 7,37.873304,127.744831,강원특별자치도
569,종합예술극 라임의 왕 김삿갓,강원도 춘천시 영서로 3017 춘천인형극장,37.921529,127.720178,강원특별자치도
570,강우성의 피아노 독주회 8 두 사람의 여정,강원도 춘천시 강원도대학길 1,37.86802431,127.74838741,강원특별자치도
571,공주 석장리 구석기축제,충청남도 공주시 금벽로 990,36.44795221,127.1875895,충청남도
572,계룡산산신제,충청남도 공주시 계룡면 보목고개로 393,36.333638,127.177107,충청남도
577,화순백아산철쭉제,전라남도 화순군 백아면 학천길 20,35.16777359,127.1339121,전라남도
578,화순운주문화축제,전라남도 화순군 도암면 천태로 91-20,34.91804535,126.8776541,전라남도
579,화순화학산철쭉제,nan,34.87801578,126.9221016,nan
580,화순적벽문화축제,전라남도 화순군 이서면 백아로 3114,35.11074053,127.0794274,전라남도
581,대한민국 국향대전,전라남도 함평군 함평읍 곤재로 27,35.05813923,126.5226056,전라남도
582,나비대축제,전라남도 함평군 함평읍 곤재로 27,35.05813923,126.5226056,전라남도
587,평창송어축제,강원도 평창군 진부면 경강로 3562,37.6332177786,128.5570396047,강원특별자치도
588,대관령눈꽃축제,강원도 평창군 대관령면 사부랑길224-2,37.7049335581,128.701772347,강원특별자치도
589,오대산문화축전,강원도 평창군 진부면 오대산로 413-28,37.7340401427,128.5875956317,강원특별자치도
590,계촌클래식축제,nan,37.4530586,128.3059711,nan
591,평창효석문화제,nan,37.6130982272,128.3709800709,nan
592,평창백일홍축제,강원도 평창군 평창읍 제방길 81,37.3608608555,128.3828721022,강원특별자치도
593,평창농악축제,강원도 평창군 용평면 갈정지길 7,37.5893940512,128.4160143,강원특별자치도
594,제24회소래포구축제(일정미확정),"인천광역시 남동구 아암대로 1550, (논현동)",37.38725249,126.7269798,인천광역시
595,어천절 대제전,서울특별시 종로구 인왕산로 22,37.5758942,126.9658016,서울특별시
596,개천절 대제전,서울특별시 종로구 인왕산로 22,37.5758942,126.9658016,서울특별시
597,종로한복축제,"서울특별시 종로구 새문안로3길 3, 6층",37.57065619,126.9723943,서울특별시
598,놀러와 대학로 차 없는 거리 축제,"서울특별시 종로구 종로1길 36, 8층 문화과",37.57350514,126.9789883,서울특별시
599,2024 D.FESTA 대학로 거리공연축제,"서울특별시 종로구 동숭4길 14, 2층",37.583303,127.0043962,서울특별시
600,2024 대학로 소나무길 거리예술제,"서울특별시 종로구 종로1길 36, 8층 문화과",37.57350514,126.9789883,서울특별시
601,2024 아시테지 국제여름축제,"서울특별시 종로구 동숭길 114, 2층",37.5831662,127.0038384,서울특별시
602,제45회 서울연극제,"서울특별시 종로구 대학로12길 92, 3층",37.58009773,127.0036835,서울특별시
603,2024 아시테지 국제겨울축제,"서울특별시 종로구 동숭길 114, 2층",37.5831662,127.0038384,서울특별시
604,2024 웰컴대학로,강원특별자치도 원주시 세계로 10,37.32430507,127.989899,강원특별자치도
605,천령문화제,nan,35.52372642,127.7218597,nan
606,함양연암문화제,nan,35.63129664,127.812171,nan
607,제19회 함양산삼축제,경상남도 함양군 함양읍 대맛길 107-1,35.527582,127.7209014,경상남도
608,The 4th Exhibition 2022 김운연의 Harmony-Breathe 숨쉬다,강원도 춘천시 서부대성로 71,37.88237413,127.73137363,강원특별자치도
609,김영경 개인전 사이의 공간,강원도 춘천시 스포츠타운길399번길 25,37.87361778,127.70209163,강원특별자치도
610,강선주 개인전 정원도감-치유의 정원 으로의 초대,강원도 춘천시 영서로 2260 1층 문화공간역,37.864029,127.72391519,강원특별자치도
611,Edu오케스트라 창단연주회,강원도 춘천시 효자상길5번길 13,37.87261579,127.72934048,강원특별자치도
612,하림 권매화 개인전 내일을 꿈꾸다,강원도 춘천시 서부대성로 71,37.88237413,127.73137363,강원특별자치도
613,결 로 사진작가 이내 개인전,강원도 춘천시 스포츠타운길399번길 25,37.87361778,127.70209163,강원특별자치도
614,보드게임 디자인 워크숍 - 나만의 보드게임 만들기,강원도 춘천시 한림대학길 1,37.88542866,127.7349573,강원특별자치도
615,2022 작은 무대에 부는 바람 in 춘천,강원도 춘천시 신동면 풍류1길 34,37.817982,127.71970784,강원특별자치도
616,김동일의 다큐멘터리 댄스 프로젝트 얼굴등등,강원도 춘천시 스포츠타운길399번길 25,37.87361778,127.70209163,강원특별자치도
617,조정태 갈림길을 지나며 Passing the crossroads,강원도 춘천시 동내면 거두택지길44번길 7-19,37.854519,127.758213,강원특별자치도
618,해와 달을 삼킨 소양강,강원도 춘천시 서부대성로 71,37.88237413,127.73137363,강원특별자치도
619,제61회 춘천미술협회전 전통의 재해석춘천문화예술회관,강원도 춘천시 효자상길5번길 13,37.87261579,127.72934048,강원특별자치도
620,2023 물금 벚꽃 축제,경상남도 양산시 낙동로 295-9,35.30173083,128.9895949,경상남도
621,제17회 구리 코스모스 축제,경기도 구리시 코스모스길14번길 249(토평동),37.574478,127.132863,경기도
622,제18회 구리 유채꽃 축제,경기도 구리시 코스모스길14번길 249(토평동),37.574478,127.132863,경기도
623,제18회 구리 코스모스 축제,경기도 구리시 코스모스길14번길 249(토평동),37.574478,127.132863,경기도
624,제19회 구리 유채꽃 축제,경기도 구리시 코스모스길14번길 249(토평동),37.574478,127.132863,경기도
625,제19회 구리 코스모스 축제,경기도 구리시 코스모스길14번길 249(토평동),37.574478,127.132863,경기도
629,농악대축제,경기도 광명시 오리로 703,37.46251993,126.8711626,경기도
630,농악대축제,경기도 광명시 오리로 703,37.46251993,126.8711626,경기도
631,구름산예술제,경기도 광명시 시청로 20,37.47909912,126.8648475,경기도
632,제14회 광명시평생학습축제,경기도 광명시 오리로854번길 10,37.4743772,126.8684796,경기도
633,제2회 밤일음식문화 거리 축제,경기도 광명시 밤일안로 19,37.45285081,126.8630687,경기도
634,구름산예술제,경기도 광명시 시청로 20,37.47909912,126.8648475,경기도
635,제16회 광명시평생학습축제,경기도 광명시 오리로854번길 10,37.47436903,126.8684667,경기도
636,제26회 오리문화제,경기도 광명시 철망산로 42,37.4674687,126.8732102,경기도
637,구름산예술제,경기도 광명시 시청로 20,37.47909912,126.8648475,경기도
643,생거진천농다리축제,충청북도 진천군 문백면 농다리로 1032-11,36.82909824,127.4908257,충청북도
644,제15회 구리한강 유채꽃 축제,경기도 구리시 코스모스길14번길 249(토평동),37.574478,127.132863,경기도
645,제15회 구리 코스모스 축제,경기도 구리시 코스모스길14번길 249(토평동),37.574478,127.132863,경기도
646,제16회 구리한강 유채꽃 축제,경기도 구리시 코스모스길14번길 249(토평동),37.574478,127.132863,경기도
647,제16회 구리 코스모스 축제,경기도 구리시 코스모스길14번길 249(토평동),37.574478,127.132863,경기도
648,제17회 구리 유채꽃 축제,경기도 구리시 코스모스길14번길 249(토평동),37.574478,127.132863,경기도
649,2022 청춘의회 제3기 청년의원,강원도 춘천시 공지로 255,37.86462536,127.73542101,강원특별자치도
650,음악으로 지역을 잇다 뮤지컬 @춘천 참가자 모집,강원도 춘천시 공지로 255,37.86462536,127.73542101,강원특별자치도
651,2022 춘천공연예술제,강원도 춘천시 춘천로 112,37.87309537,127.727858,강원특별자치도
652,2022 춘천연극제,강원도 춘천시 서부대성로 71,37.88237413,127.731332,강원특별자치도
653,제4회 홍제1동 장미거리축제,서울특별시 서대문구 홍제내길 227,37.5908318933,126.9410091182,서울특별시
654,음악극 동백꽃,강원도 춘천시 신동면 풍류1길 34,37.817929,127.71970784,강원특별자치도
655,Re Birth - 다시 삶으로,강원도 춘천시 서부대성로 71,37.882393,127.73137363,강원특별자치도
656,연극 알자스 지방의 세입자,강원도 춘천시 서부대성로 71,37.88237413,127.73137363,강원특별자치도
657,book book book 생각나누기 즐겁게 책읽기 특강 및 멘토링,강원도 춘천시 시청길 11 춘천시청,37.8813879,127.729799,강원특별자치도
658,시민이 상상한 옥상 현실이 되다 옥상상상,강원도 춘천시 공지로 255,37.86462536,127.735458,강원특별자치도
659,마켓396,강원도 춘천시 중앙로 186,37.87434326,127.71455706,강원특별자치도
660,제주MBC 국제평화마라톤,제주특별자치도 제주시 한림읍 한림중앙로 71-9,33.40969184,126.2685441,제주특별자치도
661,2023 제주 고산리 유적 선사축제,제주특별자치도 제주시 한경면 노을해안로 1100,33.3041632,126.1661787,제주특별자치도
662,휴애리 유채꽃 축제,제주특별자치도 서귀포시 남원읍 신례동로 256,33.3085451,126.6343808,제주특별자치도
663,한림공원 수선화축제,제주특별자치도 제주시 한림읍 한림로 300,33.390213,126.2396912,제주특별자치도
664,탐라국입춘굿,제주특별자치도 제주시 관덕로 19,33.513394,126.5214658,제주특별자치도
665,휴애리 매화축제,제주특별자치도 서귀포시 남원읍 신례동로 256,33.3085451,126.6343808,제주특별자치도
666,한림공원 매화축제,제주특별자치도 제주시 한림읍 한림로 300,33.390213,126.2396912,제주특별자치도
667,상효원수목원 튤립축제,제주특별자치도 서귀포시 산록남로 2847-37,33.3072168,126.5860085,제주특별자치도
668,한림공원 왕벚꽃축제,제주특별자치도 제주시 한림읍 한림로 300,33.390213,126.2396912,제주특별자치도
669,마노르블랑 봄꽃축제,제주특별자치도 서귀포시 안덕면 일주서로2100번길 46,33.2548352,126.2949866,제주특별자치도
670,금산세계인삼축제,충청남도 금산군 금산읍 인삼광장로 30,36.1000256,127.5007304,충청남도
671,금산삼계탕축제,충청남도 금산군 금산읍 인삼광장로 30,36.1000256,127.5007304,충청남도
672,영천보현산별빛축제,경상북도 영천시 화북면 별빛로 681-32,36.1402561,128.9964736,경상북도
673,이형석 개인전 그것들은 다 옷같이 낡으리니,강원도 춘천시 서부대성로 71,37.88237413,127.73137363,강원특별자치도
674,춘천의 겨울을 마주하다_황순란,강원도 춘천시 서부대성로 71,37.88237413,127.73137363,강원특별자치도
675,도봉구 등축제,서울특별시 도봉구,37.6617028,127.0382005,서울특별시
676,정의공주와 함께 하는 도봉 한글잔치,서울특별시 도봉구 원당샘공원,37.66667,127.03375,서울특별시
677,정월대보름 큰잔치,서울특별시 도봉구 마들로 656,37.6707774,127.0483768,서울특별시
687,봉화은어축제,nan,36.89039738,128.7379707,nan
688,봉화송이축제,nan,36.89039738,128.7379707,nan
689,제6회의성슈퍼푸드마늘축제,경상북도 의성군 의성읍 군청길 31,36.35290408,128.6972464,경상북도
690,제1회남대천벚꽃축제,nan,36.34921729,128.6915824,nan
691,거창한마당대축제,경상남도 거창군 거창읍 심소정길 39-36,35.69513581,127.9263505,경상남도
692,거창크리스마스트리문화축제,경상남도 거창군 거창읍 중앙로 103,35.6866668,127.909539,경상남도
693,생거진천문화축제,충청북도 진천군 진천읍 백사천길 17,36.86152074,127.4420387,충청북도
694,전농로 왕벚꽃 축제,제주특별자치도 제주시 전농로 40,33.5041441,126.5173684,제주특별자치도
695,제5회 애월읍 왕벚꽃 축제,제주특별자치도 제주시 애월읍 장전로 106,33.4506034,126.3891021,제주특별자치도
696,서귀포 유채꽃 국제걷기대회,제주특별자치도 서귀포시 월드컵로 33,33.24621937,126.5092753,제주특별자치도
697,고령대가야축제,경상북도 고령군 대가야읍 대가야로 1216,35.72008225,128.259677,경상북도
698,곡성세계장미축제,전라남도 곡성군 오곡면 기차마을로 232,35.27753157,127.3082867,전라남도
699,충주 다이브페스티벌,충청북도 충주시 대림로 85,36.9580198092,127.9159017993,충청북도
700,제51회지리산평화제,경상남도 산청군 시천면 지리산대로 520,35.293748,127.754118,경상남도
701,제48회남명선비문화축제,경상남도 산청군 시천면 남명로 240번길 33,35.276319,127.846049,경상남도
702,제18회기산국악제전,경상남도 산청군 단성면 상동길 69,35.27616,127.934248,경상남도
703,제16회불교문화제전,nan,35.277656,127.964971,nan
704,제16회산청목화축제,경상남도 산청군 단성면 목화로 887,35.2906129116,127.9580562556,경상남도
705,영암왕인문화축제,전라남도 영암군 군서면 왕인로 440,34.75653038,126.6291211,전라남도
706,2024 통영한산대첩축제,경상남도 통영시 세병로 27(문화동),34.84715495,128.423489,경상남도
708,2024 대전 서구 아트페스티벌,대전광역시 서구 둔산서로 100,36.35505601,127.3833576,대전광역시
709,정의공주와 함께 하는 도봉 한글잔치,서울특별시 도봉구 원당샘공원,37.66667,127.03375,서울특별시
710,정월대보름 큰잔치,서울특별시 도봉구 마들로 656,37.6707774,127.0483768,서울특별시
711,도봉서원 춘·추향제,서울특별시 도봉구 도봉산길 90,37.6853826,127.0325089,서울특별시
714,제19회 진안고원 운장산 고로쇠축제,nan,35.98388102,127.3882948,nan
715,제13회 진안고원 수박축제,전라북도 진안군 동향면 진성로 1687,35.84147374,127.5747111,전북특별자치도
716,2023 진안홍삼축제,전라북도 진안군 진안읍 마이산로 160,35.773251,127.4162559,전북특별자치도
717,제11회 춘천영화제,"강원특별자치도 춘천시 시청길 32, 304호",37.8810332,127.7311762,강원특별자치도
718,2021 부평풍물대축제,인천광역시 부평구 아트센터로 166,37.4822383,126.7049334,인천광역시
719,2022 부평풍물대축제,인천광역시 부평구 부평대로 168,37.50706831,126.7218563,인천광역시
720,2023 부평풍물대축제,인천광역시 부평구 부평대로 168,37.50706831,126.7218563,인천광역시
721,2024 금천하모니축제,서울특별시 금천구 시흥대로73길 70,37.45706565,126.8960369,서울특별시
724,여르미오페스티벌,경기도 안산시 단원구 화랑로 312,37.318426,126.823108,경기도
725,제4회 상록수문화제,경기도 안산시 상록구 샘골서길 64,37.299644,126.8627402,경기도
726,안산국제거리극축제,경기도 안산시 단원구 광덕대로 157,37.310742,126.829822,경기도
727,제5회 상록수문화제,경기도 안산시 상록구 샘골서길 64,37.299644,126.8627402,경기도
728,고성군민의 날 및 수성문화제,강원도 고성군 간성읍 수성로 87,38.37632274,128.4650421,강원특별자치도
729,백제 어울마당,nan,36.4615986446,127.1128895712,nan
730,웅진성수문병 근무교대식,충청남도 공주시 웅진로 280,36.46521533,127.1236802,충청남도
731,평창송어축제,강원특별자치도 평창군 진부면 경강로 3562,37.6332177786,128.5570396047,강원특별자치도
732,제21회 예래생태한가위축제,제주특별자치도 서귀포시 예래로 253,33.2432166,126.3869337,제주특별자치도
733,제13회 양평 용문산 산나물축제,경기도 양평군 용문면 용문역길 21,37.48245012,127.5945009,경기도
734,제4회 양평부추축제,경기도 양평군 양동면 양동역길 19,37.42030404,127.7544833,경기도
735,동동동화축제,전라북도 남원시 광한북로 17,35.40445064,127.3793838,전북특별자치도
736,제5회 진안고원 가족공동체 김장문화축제,전라북도 진안군 진안읍 시장길 8-17,35.79268309,127.4284281,전북특별자치도
737,2023 마이산 겨울동화축제,전라북도 진안군 진안읍 마이산로 160,35.77322296,127.4162559,전북특별자치도
738,2022 마임아카데미 몸짓워크숍,강원특별자치도 춘천시 후석로186번길 22 지하 1층,37.867857,127.725594,강원특별자치도
739,춘천마임축제 봄시즌,강원특별자치도 춘천시 춘천로 112 축제극장몸짓,37.873089,127.727845,강원특별자치도
740,춘천마임축제 걷다 보는 마임,강원특별자치도 춘천시 춘천로 112 축제극장몸짓,37.873089,127.727845,강원특별자치도
741,제 29회 봄내예술제 봄내미술인전_시민과 예술인의 만남,강원특별자치도 춘천시 서부대성로 71,37.882374,127.731376,강원특별자치도
742,2023 마임아카데미 실행 워크숍,강원특별자치도 춘천시 행촌로 35(퇴계동),37.859841,127.724394,강원특별자치도
743,에코아트페어 제로섬씽Zero-Somthing 2024,강원특별자치도 춘천시 효자상길5번길 13(효자동),37.872616,127.729341,강원특별자치도
744,2024춘천예술문화축제 - 제11회 한여름밤의 아리아,강원특별자치도 춘천시 스포츠타운길399번길 25 어린이회관,37.874122,127.702307,강원특별자치도
745,2024 춘천연극제,강원특별자치도 춘천시 서부대성로 71,37.882374,127.731332,강원특별자치도
746,마켓396 6월X 커넥티드스몰마켓 in chuncheon,강원도 춘천시 중앙로 186,37.87434326,127.71455706,강원특별자치도
747,강원도립무용단 창작무용극 강호,강원도 춘천시 효자상길 5번길 13,37.87261579,127.72934048,강원특별자치도
748,가야문화축제(예정),경상남도 김해시 가야의길 126,35.23606039,128.8730826,경상남도
749,김해분청도자기축제,경상남도 김해시 진례면 진례로 275-35,35.25149561,128.745857,경상남도
750,김해평생학습과학축제,경상남도 김해시 가야의길 126,35.23606039,128.8730826,경상남도
751,가파도청보리축제,제주특별자치도 서귀포시 대정읍 가파로67번길,33.1688979,126.271532,제주특별자치도
752,한라산청정고사리축제,nan,33.330055,126.6773352,nan
753,보목자리돔축제,제주특별자치도 서귀포시 보목포로 46,33.23921289,126.6067626,제주특별자치도
754,제28회 표선해변 하얀모래축제,nan,33.32429556,126.8266869,nan
755,제21회 예래생태체험축제,제주특별자치도 서귀포시 예래해안로 256,33.23654976,126.3887523,제주특별자치도
756,제19회 쇠소깍축제,제주특별자치도 서귀포시 쇠소깍로 151-7,33.25016656,126.620922,제주특별자치도
757,제29회 서귀포칠십리축제,제주특별자치도 서귀포시 월드컵로 33,33.246219,126.509275,제주특별자치도
758,제18회 중문칠선녀축제,nan,33.25074441,126.4124638,nan
759,제29회 제주 성읍마을 전통민속재현축제,제주특별자치도 서귀포시 표선면 성읍정의현로 30,33.384904,126.8014971,제주특별자치도
760,제12회 혼인지축제,제주특별자치도 서귀포시 성산읍 온평애향로23번길 6,33.40812252,126.9001736,제주특별자치도
761,제25회 서귀포 겨울바다 국제펭귄수영대회,nan,33.24416494,126.4055763,nan
762,제41회 서귀포유채꽃축제,제주특별자치도 서귀포시 표선면 녹산로 381-17,33.38340703,126.7356923,제주특별자치도
763,제26회 유채꽃국제걷기대회,제주특별자치도 서귀포시 월드컵로 33,33.246219,126.509275,제주특별자치도
764,충주 우륵문화제,충청북도 충주시 중앙로 128,36.97061868,127.9372208,충청북도
765,지리산피아골단풍축제,nan,35.245579327,127.5901064953,nan
766,구문소용축제,강원특별자치도 태백시 장성1길 171,37.10051315,129.0082172,강원특별자치도
767,황연 기차화통 축제,강원특별자치도 태백시 장성1길 171,37.10051315,129.0082172,강원특별자치도
768,필봉마을굿축제,전라북도 임실군 강진면 강운로 272,35.53639442,127.1544452,전북특별자치도
769,임실N치즈축제,전라북도 임실군 성수면 도인2길 50,35.63310329,127.3012599,전북특별자치도
770,산타축제,전라북도 임실군 성수면 도인2길 50,35.63310329,127.3012599,전북특별자치도
771,의견문화제,전라북도 임실군 오수면 충효로 2096-16,35.54520247,127.3326779,전북특별자치도
772,제24회 양평단월고로쇠축제,경기도 양평군 단월면 보룡길 123,37.5449768,127.670192,경기도
773,제20회 양평산수유한우축제,경기도 양평군 개군면 자진개1길 91,37.43277374,127.5313533,경기도
774,제13회 양평 용문산 산나물축제,경기도 양평군 용문면 용문산로 656,37.54633417,127.5824277,경기도
775,2024 수원음식문화박람회,경기도 수원시 팔달구 창룡대로 21,37.282574,127.0189851,경기도
777,2024 태화강마두희축제,울산광역시 중구 시계탑거리 4,35.55511722,129.3216061,울산광역시
778,2024년 외솔한글한마당,울산광역시 중구 시계탑거리 4,35.55511722,129.3216061,울산광역시
779,2024 문화의거리 현대미술제,울산광역시 중구 시계탑거리 4,35.55511722,129.3216061,울산광역시
780,2024년 울산병영3.1만세운동 제23회 재현행사,울산광역시 중구 병영성13길 2,35.57492612,129.3454467,울산광역시
783,제32회 전라남도 장애인 체육대회,전라남도 영광군 영광읍 월현로 170,35.28913443,126.494083,전라남도
784,제18회 전국장애학생체전,전라남도 목포시 대양산단로 23 목포종합경기장 235호,34.82637117,126.3972973,전라남도
785,제53회 전국소년체전,전라남도 목포시 대양산단로 23 목포종합경기장 235호,34.82637117,126.3972973,전라남도
786,둔내고랭지토마토축제,강원도 횡성군 둔내면 경강로 4708,37.516751,128.2137117549,강원특별자치도
787,횡성더덕축제,강원도 횡성군 청일면 유동로 17,37.58392059,128.1502908,강원특별자치도
788,안흥찐빵축제,강원도 횡성군 안흥면 주천강로 1868,37.4097863478,128.155484279,강원특별자치도
789,횡성한우축제,강원도 횡성군 횡성읍 문화체육로 57,37.4960871515,127.9891497902,강원특별자치도
790,대구화교중화문화축제,대구광역시 중구 중앙대로79길 31 (종로2가),35.86904475,128.5920612,대구광역시
791,대구화교중화문화축제,대구광역시 중구 중앙대로79길 31 (종로2가),35.86904475,128.5920612,대구광역시
792,대구화교중화문화축제,대구광역시 중구 중앙대로79길 31 (종로2가),35.86904475,128.5920612,대구광역시
793,대구화교중화문화축제,대구광역시 중구 중앙대로79길 31 (종로2가),35.86904475,128.5920612,대구광역시
794,중구미술협회전,대구광역시 중구 봉산문화길 77,35.86339725,128.5965647,대구광역시
795,중구미술협회전,대구광역시 중구 봉산문화길 77,35.86339725,128.5965647,대구광역시
796,중구미술협회전,대구광역시 중구 봉산문화길 77,35.86339725,128.5965647,대구광역시
797,법성포단오제,전라남도 영광군 법성면 진굴비길 154-13,35.36265187,126.4359383,전라남도
798,불갑산상사화축제,전라남도 영광군 불갑면 불갑사로 450,35.19967508,126.5500476,전라남도
801,은하면 딸기축제,충청남도 홍성군 은하면 은하로 564,36.5574183197,126.5893216917,충청남도
802,논산딸기축제,충청남도 논산시 체육로 110,36.1949401,127.1019223385,충청남도
803,강원도립극단 기획공연 뮤지컬 무궁화 꽃이 피었습니다,강원도 춘천시 영서로 3017 춘천인형극장,37.921529,127.720178,강원특별자치도
804,엘사의 생일파티,강원도 춘천시 효자상길5번길 13,37.87261579,127.72934048,강원특별자치도
805,강원예총 60주년 문화예술대축제 공감음악회,강원도 춘천시 수변공원길 18,37.87454686,127.70619713,강원특별자치도
806,2022년 대한민국의 새로운 민요지형도 덩기두밥 프로젝트,강원도 춘천시 스포츠타운길399번길 25 어린이회관,37.874122,127.702307,강원특별자치도
807,제3회 호반음악제-어느 여름날,강원도 춘천시 강원대학길 1,37.86802431,127.74838741,강원특별자치도
808,춘천 라틴 뮤직 페스타 춤 추어라 호반아,강원도 춘천시 수변공원길 18,37.87454686,127.70619713,강원특별자치도
809,춘천리조이스힐링 페스티벌,강원도 춘천시 수변공원길 18,37.87454686,127.70619713,강원특별자치도
810,2022 차근차근 상영전,강원도 춘천시 춘천로 112,37.87307,127.72781018,강원특별자치도
811,2022 리얼노상댄스펍,강원도 춘천시 애막골길16번길 6,37.86466554,127.74969078,강원특별자치도
812,제20회 춘천국제고음악제,강원도 춘천시 우석로 70 국립춘천박물관,37.86371,127.752516,강원특별자치도
813,2022 춘천 색소폰 페스티벌 & 춘천 아마추어 색소폰 경연대회,강원도 춘천시 스포츠타운길399번길 25 어린이회관,37.874122,127.702307,강원특별자치도
814,2022 춘천 반려동물 동행 페스티벌,강원도 춘천시 스포츠타운길 136,37.85524611,127.69325912,강원특별자치도
815,춘천인형극제,강원도 춘천시 시청길 11 춘천시청,37.881345,127.72977332,강원특별자치도
816,새명동 상권 축제 시청광장에 어린이들 모여라 어린이 행사 반짝 놀이터,강원도 춘천시 시청길 11,37.8813879,127.72977332,강원특별자치도
817,마켓396 8월NIGHT MARKET,강원도 춘천시 중앙로 186,37.87434326,127.71455706,강원특별자치도
818,제19회 춘천전국관악경연대회,강원도 춘천시 효자상길5번길 13,37.87261579,127.72934048,강원특별자치도
819,민속그네뛰기,경상북도 울릉군 울릉읍 간령길 83-18,37.46024044,130.8735494,경상북도
820,달맞이축제,경상북도 울릉군 울릉읍 옥천길 8,37.47367561,130.8875026,경상북도
821,태하성하신당제,경상북도 울릉군 서면 태하길 154,37.51222566,130.800884,경상북도
822,회당문화축제,울릉군 울릉읍 도동1길 5-42,37.4819992,130.9082172,울릉군
823,해변가요제,울릉군 울릉읍 저동리,37.4955239,130.9097003,울릉군
824,울릉도오징어축제,울릉군 울릉읍 저동리,37.4955239,130.9097003,울릉군
834,2024 전주세계소리축제,전북특별자치도 전주시 덕진구 소리로 31,35.85477195,127.1393284,전북특별자치도
835,2024 전주독서대전,전북특별자치도 전주시 완산구 백제대로 306,35.8203217,127.1238031,전북특별자치도
836,2024 전주단오,전북특별자치도 전주시 덕진구 권삼득로 390-1,35.84749476,127.1210312,전북특별자치도
837,2024 전주조선팝페스티벌,전북특별자치도 전주시 완산구 팔달로 74,35.80846206,127.1511138,전북특별자치도
838,전주페스타 2024,전북특별자치도 전주시 덕진구 기린대로 451,35.84075454,127.127127,전북특별자치도
839,2016 광복기념음악회,경기도 안양시 만안구 병목안로 215,37.385289,126.907675,경기도
842,세종대왕과 초정약수 축제,충청북도 청주시 청원구 내수읍 초정약수로 851,36.721607,127.601269,충청북도
843,고흥 우주항공 축제,전라남도 고흥군 봉래면 하반로 490,34.45357843,127.5181524,전라남도
845,2023 서귀포과학문화축전,제주특별자치도 서귀포시 1100로 506-1,33.28885198,126.4604137,제주특별자치도
846,아트밸리 아산 제62회 성웅 이순신 축제,충청남도 아산시 남부로 370-24 이순신종합운동장,36.76817566,127.0207236,충청남도
847,아트밸리 아산 제1회 아산온천 벚꽃축제,nan,36.853764,126.982333,nan
848,아트밸리 아산 제1회 외국인 K-트롯 가요제,충청남도 아산시 신정로 616,36.77152141,126.9839152,충청남도
849,아트밸리 아산 재즈Festa,충청남도 아산시 신정로 616,36.77152141,126.9839152,충청남도
850,뮤지컬 순회공연(영웅),충청남도 아산시 신정로 616,36.77152141,126.9839152,충청남도
851,제18회 충청남도 국악제,충청남도 아산시 남부로 92,36.77090939,126.9921619,충청남도
852,제2회 아트밸리 아산 오페라 갈라콘서트,충청남도 아산시 무궁화로 111,36.74527663,126.9890582,충청남도
853,아트밸리 아산 락 페스티벌,충청남도 아산시 무궁화로 111,36.74527663,126.9890582,충청남도
854,아트밸리 아산 별빛음악제,충청남도 아산시 무궁화로 111,36.74527663,126.9890582,충청남도
855,지중해마을 크리스마스 축제,충청남도 아산시 탕정면 탕정면로8번길 55-7,36.7969505,127.0616438,충청남도
856,아트밸리 아산 제2회 신정호 국제 아트페스티벌 100인 100색전,충청남도 아산시 신정로 616,36.7715214106,126.9839151707,충청남도
857,설화예술제,충청남도 아산시 은행나무길 293,36.8004453441,127.0188974588,충청남도
858,아트밸리 아산 제2회 공연예술제,충청남도 아산시 신정로 616,36.77152141,126.9839152,충청남도
859,아트밸리 아산 제1회 국제민족무용축제,충청남도 아산시 신정로 616,36.77152141,126.9839152,충청남도
860,아트밸리 아산 제5회 전국주부가요제,충청남도 아산시 남부로 92,36.77090939,126.9921619,충청남도
861,동성로축제,대구광역시 중구 동성로28,35.8692058,128.5954708,대구광역시
862,동성로축제,대구광역시 중구 동성로28,35.8692058,128.5954708,대구광역시
863,제31회 동성로축제,대구광역시 중구 동성로28,35.8692058,128.5954708,대구광역시
864,제32회 동성로축제,대구광역시 중구 동성로28,35.8692058,128.5954708,대구광역시
865,제33회 동성로축제,대구광역시 중구 동성로28,35.8692058,128.5954708,대구광역시
866,제34회 동성로축제,대구광역시 중구 동성로28,35.8692058,128.5954708,대구광역시
867,대구화교중화문화축제,대구광역시 중구 중앙대로79길 31 (종로2가),35.86904475,128.5920612,대구광역시
868,대구화교중화문화축제,대구광역시 중구 중앙대로79길 31 (종로2가),35.86904475,128.5920612,대구광역시
869,대구화교중화문화축제,대구광역시 중구 중앙대로79길 31 (종로2가),35.86904475,128.5920612,대구광역시
870,대구화교중화문화축제,대구광역시 중구 중앙대로79길 31 (종로2가),35.86904475,128.5920612,대구광역시
871,대구화교중화문화축제,대구광역시 중구 중앙대로79길 31 (종로2가),35.86904475,128.5920612,대구광역시
872,강릉커피축제,강원특별자치도 강릉시 경강로2021번길 9-1,37.75040333,128.8898121,강원특별자치도
873,제29회 덕수리 전통민속 재현행사,제주특별자치도 서귀포시 안덕면 일주서로 1836,33.2541298,126.3222874,제주특별자치도
874,2022 중문 칠선녀축제,제주특별자치도 서귀포시 천제연로 132 중문관광단지,33.252662,126.418354,제주특별자치도
875,제28회 제주 성읍마을 전통민속재현축제,제주특별자치도 서귀포시 표선면 성읍정의현로 30,33.384904,126.8014971,제주특별자치도
876,제11회 혼인지축제,제주특별자치도 서귀포시 성산읍 온평애향로23번길 6,33.40812252,126.9001736,제주특별자치도
877,제20회 예래생태체험축제,제주특별자치도 서귀포시 예래해안로 256,33.23654976,126.3887523,제주특별자치도
878,제40회 서귀포유채꽃축제 (축제명칭 변경),제주특별자치도 서귀포시 표선면 녹산로 381-15,33.383096,126.736285,제주특별자치도
879,제25회 서귀포유채꽃국제걷기대회,제주특별자치도 서귀포시 월드컵로 33,33.246219,126.509275,제주특별자치도
880,김삿갓문화제,강원도 영월군 김삿갓면 김삿갓로 216-22,37.07949201,128.6017366,강원특별자치도
881,계양산국악제,인천광역시 계양구 주부토로 570,37.545044,126.728998,인천광역시
882,제1회 계양 아라뱃길 워터축제,nan,37.5746762349,126.7380492147,nan
883,계양 아라뱃길 라이트쇼,nan,37.5745905461,126.7381009716,nan
884,제2회 계양 빛 축제,인천광역시 계양구 계산새로 88,37.5374405601,126.7377600729,인천광역시
885,제29회 구민의 날 기념 가을음악회,인천광역시 계양구 봉오대로 855,37.532463106,126.7438868576,인천광역시
888,[개막행사] 성남시청소년어울림마당,경기도 성남시 분당구 판교공원로4길 27,37.3918984696,127.090870673,경기도
889,제18회 쇠소깍축제,제주특별자치도 서귀포시 쇠소깍로 151-7,33.25016656,126.620922,제주특별자치도
890,제28회 서귀포칠십리축제,제주특별자치도 서귀포시 칠십리로 120-12,33.24144151,126.5668484,제주특별자치도
891,제23회 서귀포 겨울바다 국제펭귄수영대회,nan,33.24523114,126.4080834,nan
892,제30회 성산일출축제,제주특별자치도 서귀포시 성산읍 일출로 284-12,33.46223376,126.9368007,제주특별자치도
893,제22회 최남단 방어축제,제주특별자치도 서귀포시 대정읍 최남단해안로 66,33.21449893,126.2520491,제주특별자치도
894,제1회 상록수문화제,경기도 안산시 상록구 샘골서길 64,37.299644,126.8627402,경기도
895,제2회 상록수문화제,경기도 안산시 상록구 샘골서길 64,37.299644,126.8627402,경기도
896,안산국제거리극축제,경기도 안산시 단원구 광덕대로 157,37.310742,126.829822,경기도
897,여르미오페스티벌,경기도 안산시 단원구 광덕대로 157,37.310742,126.829822,경기도
898,제3회 상록수문화제,경기도 안산시 상록구 샘골서길 64,37.299644,126.8627402,경기도
899,안산국제거리극축제,경기도 안산시 단원구 광덕대로 157,37.310742,126.829822,경기도
900,삼수 매봉산 바람개비 축제,강원도 태백시 장성1길 171,37.10051315,129.0082172,강원특별자치도
901,장성탄탄축제활기찬동행,강원도 태백시 장성1길 171,37.10051315,129.0082172,강원특별자치도
902,태백 황지연못 황부자며느리 축제,강원도 태백시 장성1길 171,37.10051315,129.0082172,강원특별자치도
903,철암 단풍축제,강원도 태백시 장성1길 171,37.10051315,129.0082172,강원특별자치도
904,태백산 눈축제,강원도 태백시 장성1길 171,37.10051315,129.0082172,강원특별자치도
905,강릉단오제,강원도 강릉시 단오장길 1 (노암동),37.74820212,128.8950714,강원특별자치도
906,도솔산지구전투 전승행사,강원도 양구군 양구읍 박수근로 366-33,38.10632441,127.981517,강원특별자치도
909,제주허브동산 설유화 축제,제주특별자치도 서귀포시 표선면 돈오름로 170,33.3291241,126.8147261,제주특별자치도
910,휴애리 봄 수국축제,제주특별자치도 서귀포시 남원읍 신례동로 256,33.3085451,126.6343808,제주특별자치도
911,빛의 벙커 ’세잔프로방스의빛/칸딘스키’ 전,제주특별자치도 서귀포시 선산읍 서성이로 1168번길 89-17,33.439863,126.899177,제주특별자치도
912,친환경 그래비티 레이싱 : 23시즌 정규 라운드(9.81파크),제주특별자치도 제주시 애월읍 천덕로 880-24,33.39003694,126.366509,제주특별자치도
913,제주 다이노스 어라이브 <JEJU DINOS ALIVE>,제주특별자치도 서귀포시 안덕면 녹차분재로 218,33.3042074,126.2996615,제주특별자치도
914,마노르블랑 수국축제,제주특별자치도 서귀포시 안덕면 일주서로2100번길 46,33.25482364,126.2949866,제주특별자치도
915,플리마켓 <신화愛퐁당>,제주특별자치도 서귀포시 안덕면 신화역사로304번길 38,33.30497268,126.316352,제주특별자치도
916,LASP X 신라 : 공간과 순간이 만나 예술이 되다,제주특별자치도 제주시 노연로 69,33.48628575,126.4875771,제주특별자치도
917,구팔일 올데이페스티벌,제주특별자치도 제주시 애월읍 천덕로 880-24,33.39003694,126.366509,제주특별자치도
918,삼다공원 야간콘서트,제주특별자치도 제주시 은남길 8,33.48893171,126.495684,제주특별자치도
919,철원 DMZ 평화 꽃송이 축제,강원도 철원군 동송읍 태봉로 1799-15,38.1867615323,127.29162646,강원특별자치도
920,DMZ피스트레인 뮤직 페스티벌,강원도 철원군 동송읍 태봉로 1825,38.1871925438,127.2878203502,강원특별자치도
921,정선아리랑제,강원도 정선군 정선읍 봉양3길 17,37.38024298,128.6602287,강원특별자치도
922,동성로축제,대구광역시 중구 동성로28,35.8692058,128.5954708,대구광역시
923,동성로축제,대구광역시 중구 동성로28,35.8692058,128.5954708,대구광역시
924,동성로축제,대구광역시 중구 동성로28,35.8692058,128.5954708,대구광역시
925,동성로축제,대구광역시 중구 동성로28,35.8692058,128.5954708,대구광역시
926,동성로축제,대구광역시 중구 동성로28,35.8692058,128.5954708,대구광역시
927,동성로축제,대구광역시 중구 동성로28,35.8692058,128.5954708,대구광역시
928,동성로축제,대구광역시 중구 동성로28,35.8692058,128.5954708,대구광역시
930,구례300리벚꽃축제,전라남도 구례군 구례읍 서시천로 106,35.2166161023,127.4668741223,전라남도
931,지리산남악제,전라남도 구례군 구례읍 서시천로 106,35.2166161023,127.4668741223,전라남도
932,구례뮤직페스티벌,nan,35.272588,127.4140341512,nan
933,구례동편소리축제,전라남도 구례군 구례읍 서시천로 76-11,35.2157240485,127.4680870405,전라남도
934,다문화축제,대구광역시 달서구 문화회관길 160,35.84342427,128.5228246,대구광역시
935,두근두근페스티벌,대구광역시 달서구 월곡로 5,35.7988027,128.5482878,대구광역시
936,장미꽃 필(feel)무렵,nan,35.8577989421,128.5147832,nan
937,희망달서 대축제,대구광역시 달서구 문화회관길 160(장기동),35.84342427,128.5228246,대구광역시
938,선사문화체험축제,nan,35.8195134852,128.5187423025,nan
939,물의 감정 In The Mood For Water,강원도 춘천시 향교앞길 13-4,37.87993475,127.73440053,강원특별자치도
940,조운플레잉,강원도 춘천시 중앙로 51-2,37.879128,127.728918,강원특별자치도
941,개나리아트페어2022,강원도 춘천시 동내면 거두택지길44번길 7-19,37.854552,127.758253,강원특별자치도
942,제10회 무안황토갯벌축제,전라남도 무안군 해제면 황토갯벌길 110,35.10332391,126.3319409,전라남도
943,다문화 한글 백일장,대구광역시 달서구 새방로 21,35.86132506,128.5206615,대구광역시
944,해운대 구립예술단(3개) 정기공연,부산광역시 해운대구 중동2로 11,35.16313992,129.1635303,부산광역시
945,달너머 달맞이 별다솜 음악회,부산광역시 해운대구 중동2로 11,35.16313992,129.1635303,부산광역시
946,크리스마스 구남로 거리공연,부산광역시 해운대구 중동2로 11,35.16313992,129.1635303,부산광역시
947,만드리풍년제,광주광역시 서구 눌재로 408,35.11304585,126.8303549,광주광역시
948,광주서창억새축제,광주광역시 서구 서창둑길 377,35.13849306,126.8287574,광주광역시
950,2022 하영올레 걷기 축제,제주특별자치도 서귀포시 중앙로 105,33.254204,126.560218,제주특별자치도
951,제24회 서귀포유채꽃국제걷기대회,제주특별자치도 서귀포시 월드컵로 33,33.246219,126.509275,제주특별자치도
952,제39회 제주유채꽃축제,제주특별자치도 서귀포시 표선면 녹산로 381-15,33.383096,126.736285,제주특별자치도
953,제26회 한라산 청정 고사리 축제,제주특별자치도 서귀포시 남원읍 태위로 695,33.279896,126.720677,제주특별자치도
954,제11회 서귀포 봄맞이축제,제주특별자치도 서귀포시 이중섭로 27-3,33.24586163,126.564874,제주특별자치도
955,제1회 성산조개바당축제,nan,33.455332,126.925521,nan
956,제3회 서귀포 은갈치축제,제주특별자치도 서귀포시 칠십리로72번길 18,33.2399956,126.5664732,제주특별자치도
957,제27회 표선해변 하얀모래축제,nan,33.32847277,126.8365477,nan
958,제7회 돈내코계곡 원앙축제,제주특별자치도 서귀포시 돈내코로 114,33.30023859,126.5847715,제주특별자치도
959,포항거리예술축제,경상북도 포항시 남구 송도해안길 112번길 3,36.0403685281,129.3766797308,경상북도
960,제8회 철원 한탄강 얼음트레킹,nan,38.188522,127.300353,nan
961,제13회 철원 화강 다슬기축제,강원도 철원군 김화읍 청양로 649,38.249835,127.4136593909,강원특별자치도
962,2019 송년콘서트 및 청소년페스티벌,강원도 철원군 갈말읍 갈말로 75,38.161341,127.303257,강원특별자치도
969,문경약돌한우축제,경상북도 문경시 문경읍 새재로932,36.76160207,128.0769905,경상북도
970,문경오미자축제,경상북도 문경시 동로면 노은2길 4,36.7715572,128.3153048,경상북도
971,문경사과축제,경상북도 문경시 문경읍 새재로932,36.76160207,128.0769905,경상북도
972,제28회 무주반딧불축제,전북특별자치도 무주군 무주읍 한풍루로 326-14,36.00262216,127.6614905,전북특별자치도
973,2024 청춘금오천벚꽃페스티벌,경상북도 구미시 금오산로 53-4,36.12721161,128.3375981,경상북도
974,2024 구미라면축제,경상북도 구미시 구미중앙로 76,36.12833012,128.3309395,경상북도
975,2024 구미푸드페스티벌,nan,36.11577874,128.3507141,nan
976,2024 구미독서문화축제,경상북도 구미시 경은로 85,36.1137978,128.3352215,경상북도
977,제5회 新송도해변축제,nan,37.39543995,126.6593123,nan
978,제12회 연수 능허대 문화축제,nan,37.39543995,126.6593123,nan
985,제11회 수영강변축제,부산광역시 해운대구 중동2로 11,35.16313992,129.1635303,부산광역시
986,제19회 부산불꽃축제,부산광역시 해운대구 중동2로 11,35.16313992,129.1635303,부산광역시
987,제11회 해운대 빛축제,부산광역시 해운대구 중동2로 11,35.16313992,129.1635303,부산광역시
988,제37회 해운대북극곰축제,부산광역시 해운대구 중동2로 11,35.16313992,129.1635303,부산광역시
989,2025 카운트다운&해맞이 축제,부산광역시 해운대구 중동2로 11,35.16313992,129.1635303,부산광역시
990,찾아가는 마음나눔 음악회(반송2동),부산광역시 해운대구 중동2로 11,35.16313992,129.1635303,부산광역시
991,4월 거리예술공연,부산광역시 해운대구 중동2로 11,35.16313992,129.1635303,부산광역시
992,해운대 수목원 야외콘서트,부산광역시 해운대구 중동2로 11,35.16313992,129.1635303,부산광역시
993,청소년오케스트라 음악소풍,부산광역시 해운대구 중동2로 11,35.16313992,129.1635303,부산광역시
994,청사포 바다콘서트,부산광역시 해운대구 중동2로 11,35.16313992,129.1635303,부산광역시
995,찾아가는 마음나눔 음악회(반여3동),부산광역시 해운대구 중동2로 11,35.16313992,129.1635303,부산광역시
996,찾아가는 영화관Ⅰ,부산광역시 해운대구 중동2로 11,35.16313992,129.1635303,부산광역시
997,영화의 거리 영화음악 콘서트,부산광역시 해운대구 중동2로 11,35.16313992,129.1635303,부산광역시
998,세대공감+신나는 풍류 콘서트,부산광역시 해운대구 중동2로 11,35.16313992,129.1635303,부산광역시
999,찾아가는 영화관Ⅱ (드라이브-인-시네마),부산광역시 해운대구 중동2로 11,35.16313992,129.1635303,부산광역시
1000,반여1동 수영강 콘서트,부산광역시 해운대구 중동2로 11,35.16313992,129.1635303,부산광역시
1001,땅끝 해넘이·해맞이 축제,전라남도 해남군 송지면 땅끝마을길 70-14,34.29820555,126.5293719,전라남도
1005,2023 춘천연극제,강원특별자치도 춘천시 서부대성로 71,37.882374,127.731332,강원특별자치도
1006,2023 춘천오페라페스티발,강원특별자치도 춘천시 스포츠타운길399번길 25,37.873618,127.702092,강원특별자치도
1007,마임프린지,강원특별자치도 춘천시 춘천로 112,37.873069,127.727824,강원특별자치도
1008,마임프린지 시민 심사단 모집,강원특별자치도 춘천시 춘천로 112,37.873069,127.727824,강원특별자치도
1012,태화강마두희축제,울산광역시 중구 문화의거리 38,35.5569759,129.3219495,울산광역시
1013,통영한산대첩축제,경상남도 통영시 세병로 27,34.84715495,128.423489,경상남도
1014,평창송어축제,강원특별자치도 평창군 진부면 경강로 3562,37.6332028,128.5570396,강원특별자치도
1015,평창효석문화제,nan,37.6131983,128.3710862,nan
1016,포항국제불빛축제,nan,36.0176015,129.3745089,nan
1017,하동야생차문화축제,경상남도 하동군 화개면 쌍계로 571-25,35.22773215,127.6426521,경상남도
1018,한산모시문화제,충청남도 서천군 한산면 충절로 1089,36.0799446,126.7987038,충청남도
1019,한탄강얼음트레킹축제,강원특별자치도 철원군 동송읍 한탄강길 208,38.20344715,127.2700356,강원특별자치도
1020,함평나비축제,전라남도 함평군 함평읍 곤재로 27,35.05813923,126.5226056,전라남도
1021,화성뱃놀이축제,경기도 화성시 서신면 전곡항로 5,37.18560049,126.651015,경기도
1022,화천산천어축제,강원특별자치도 화천군 화천읍 산천어길 137,38.11250161,127.7098432,강원특별자치도
1023,국악의 향연,울산광역시 동구 문현3길 6,35.48705813,129.4112633,울산광역시
1024,리차드 로의 재즈톡,울산광역시 동구 문현3길 6,35.48705813,129.4112633,울산광역시
1025,나 때는 말이야,울산광역시 동구 문현3길 6,35.48705813,129.4112633,울산광역시
1026,동백섬문화관광축제,부산광역시 해운대구 중동2로 11,35.16313992,129.1635303,부산광역시
1027,일림산 철쭉문화행사,전라남도 보성군 웅치면 용추덕림길 89-113,34.692283,127.013334,전라남도
1028,보성어린이날,전라남도 보성군 보성읍 녹차로 775,34.7198764301,127.0817099093,전라남도
1029,보성녹차마라톤대회,전라남도 보성군 보성읍 용문길 18,34.7737542479,127.0940851931,전라남도
1030,태백 커플축제,강원도 태백시 장성1길 171,37.10051315,129.0082172,강원특별자치도
1031,한강 낙동강 발원지 축제,강원도 태백시 장성1길 171,37.10051315,129.0082172,강원특별자치도
1032,마임프린지 시민 심사단 모집,강원도 춘천시 춘천로 112,37.873069,127.727824,강원특별자치도
1033,계촌클래식축제,nan,37.4530586,128.3059711,nan
1034,평창효석문화제,nan,37.6132156,128.371091,nan
1035,평창백일홍축제,강원특별자치도 평창군 평창읍 제방길 81,37.3608608555,128.3828721022,강원특별자치도
1036,평창농악축제,강원특별자치도 평창군 용평면 갈정지길 7,37.5893940512,128.4160143,강원특별자치도
1037,2023년 우도 하고수동해수욕장 썸머 페스티벌,제주특별자치도 제주시 우도면 우도로 153,33.5064381,126.9529777,제주특별자치도
1038,도두오래물축제,제주특별자치도 제주시 도두항길 26,33.50685457,126.4669802,제주특별자치도
1040,본태박물관 쿠사마야요이 특별전시 <Seeking the Soul>,제주특별자치도 서귀포시 안덕면 산록남로762번길 69,33.30395481,126.392516,제주특별자치도
1041,진도신비의바닷길축제,전라남도 진도군 고군면 신비의바닷길 74,34.43275415,126.3518288,전라남도
1042,진안홍삼축제,전북특별자치도 진안군 진안읍 마이산로 160,35.77322296,127.4162559,전북특별자치도
1043,진주유등축제,경상남도 진주시 남강로 626,35.19043372,128.0802222,경상남도
1044,천안흥타령축제,충청남도 천안시 서북구 번영로 208,36.81910075,127.1133052,충청남도
1045,청송사과축제,경상북도 청송군 청송읍 금월로 269,36.43304251,129.0559778,경상북도
1046,추억의 충장축제,광주광역시 동구 서남로 1(서석동),35.1461417,126.9230497,광주광역시
1047,춘천마임축제,강원특별자치도 춘천시 춘천로 112,37.8730209,127.7278102,강원특별자치도
1048,탐라문화제,제주특별자치도 제주시 중앙로 2,33.51814757,126.5239547,제주특별자치도
1049,2017 물의나라화천 쪽배축제,강원도 화천군 화천읍 강변로 2-54,38.1007316002,127.6970642419,강원특별자치도
1050,2017 얼음나라화천 산천어축제,강원도 화천군 화천읍 산천어길 137,38.112578,127.709826,강원특별자치도
1051,구문소용축제,강원도 태백시 장성1길 171,37.10051315,129.0082172,강원특별자치도
1052,2021조운플레잉 모두가어린이라면,강원도 춘천시 중앙로 51-2+강원도 춘천시 시청길11,37.881231,127.730012,강원특별자치도
1053,책 보러 가지 않을래,강원도 춘천시 효자상길5번길 13,37.87261579,127.72934048,강원특별자치도
1054,춘천마임축제 봄시즌,강원도 춘천시 춘천로 112 축제극장몸짓,37.873089,127.727845,강원특별자치도
1055,춘천인형극제 코코바우 놀이터 자연아 놀러와,강원도 춘천시 영서로 3017,37.92101625,127.720197,강원특별자치도
1056,제8회 철원 한탄강 얼음트레킹,nan,38.188522,127.300353,nan
1057,제13회 철원 화강 다슬기축제,강원도 철원군 김화읍 청양로 649,38.249835,127.4136593909,강원특별자치도
1058,2019 송년콘서트 및 청소년페스티벌,강원도 철원군 갈말읍 갈말로 75,38.161341,127.303257,강원특별자치도
1059,판교25통 힐링로드축제,경기도 성남시 분당구 판교공원로4길 27,37.3918984696,127.090870673,경기도
1060,제18회 청계산 철쭉축제,nan,37.4264345507,127.070772,nan
1061,효사랑 경로잔치,경기도 성남시 중원구 은행로 85,37.4521215828,127.1689239147,경기도
1062,지구촌 어울림 축제,경기도 성남시 중원구 성남대로 997,37.4201775351,127.1262799641,경기도
1063,2024. 청.마.닮&청소년 어울림마당,nan,37.3734012931,127.139378,nan
1064,제27회 무안연꽃축제,전라남도 무안군 일로읍 백련로 333,34.86008849,126.5298962,전라남도
1065,2024 정조대왕 능행차 공동재현,경기도 수원시 팔달구 정조로 825,37.28188256,127.0143944,경기도
1066,제61회 수원화성문화제,경기도 수원시 팔달구 정조로 825,37.28188256,127.0143944,경기도
1067,2024 수원화성 미디어아트,경기도 수원시 팔달구 정조로 825,37.2818782,127.0143876,경기도
1068,달마고도 힐링축제,전라남도 해남군 송지면 미황사길 164,34.38223237,126.5779589,전라남도
1069,땅끝수국축제,전라남도 해남군 현산면 봉동길 232-118,34.45321139,126.5954999595,전라남도
1070,송호해변여름축제,전라남도 해남군 송지면 땅끝해안로 1813,34.3157139,126.5189509,전라남도
1071,오시아노 썸머뮤직 페스티벌,nan,34.6695823707,126.2604601916,nan
1072,제3기 청년기자단 모집,강원도 춘천시 공지로 255,37.86462536,127.73542101,강원특별자치도
1073,상설전 畵,강원도 춘천시 서부대성로 71,37.88237413,127.731335,강원특별자치도
1074,뉴웨이브 로컬 임팩트 아카데미,강원도 춘천시 공지로 255,37.86462536,127.73542101,강원특별자치도
1075,상화문학제,대구광역시 수성구 들안로16길 78,35.839227,128.618141,대구광역시
1076,천을산 해맞이,nan,35.85169239,128.6950183,nan
1078,현인가요제,부산광역시 서구 송도해변로 100,35.07682117,129.0180502,부산광역시
1079,부산고등어축제,부산광역시 서구 송도해변로 100,35.07682117,129.0180502,부산광역시
1080,안동국제탈춤페스티벌,경상북도 안동시 경동로 684(운흥동) 일대,36.5627376,128.732934,경상북도
1081,황룡강 가을꽃축제,nan,35.30951048,126.7815062,nan
1082,황룡강 (洪)길동무 꽃길 축제,nan,35.30951048,126.7815062,nan
1083,백양단풍축제,전라남도 장성군 북하면 백양로 1239,35.43972586,126.8828597,전라남도
1084,축령산 편백산소축제,nan,35.37389043,126.7564871,nan
1085,에코아트페어 제로섬씽Zero-Somthing 2023,강원특별자치도 춘천시 효자상길5번길 13(효자동),37.872616,127.729341,강원특별자치도
1086,2023춘천예술문화축제 - 제10회 한여름밤의 아리아,강원특별자치도 춘천시 스포츠타운길399번길 25 어린이회관,37.874122,127.702307,강원특별자치도
1087,2023 춘천공연예술제,강원특별자치도 춘천시 춘천로 112,37.873095,127.727858,강원특별자치도
1088,달맞이축제,강원도 양구군 양구읍 박수근로 366-33,38.10632441,127.981517,강원특별자치도
1089,제1회 대청호 벚꽃축제,nan,36.35359044,127.4980431,nan
1090,제2회 대청호 벚꽃축제,nan,36.35359044,127.4980431,nan
1091,제3회 대청호 벚꽃축제,nan,36.35359044,127.4980431,nan
1092,울산쇠부리축제,"울산광역시 북구 산업로 1010, 울산광역시 북구 달천철장길 58",35.58270742,129.3612536,울산광역시
1093,제14회 영덕물가자미축제,nan,36.5076898517,129.4472969091,nan
1094,청송사과축제,nan,36.43271991,129.0554862,nan
1095,2024 속리산 축제,nan,36.532721,127.8248196,nan
1096,제20회 진안고원 운장산 고로쇠축제,nan,35.98388102,127.3882948,nan
1097,제14회 진안고원 수박축제,전북특별자치도 진안군 동향면 진성로 1687,35.84147374,127.5747111,전북특별자치도
1098,2024 진안홍삼축제,전북특별자치도 진안군 진안읍 마이산로 160,35.773251,127.4162559,전북특별자치도
1099,제6회 진안고원 김치보쌈축제,전북특별자치도 진안군 진안읍 시장길 8-17,35.79268309,127.4284281,전북특별자치도
1100,제57회 동학농민혁명기념제,전북특별자치도 정읍시 덕천면 동학로 742,35.63370584,126.8301188,전북특별자치도
1101,제34회 정읍사문화제,전북특별자치도 정읍시 정읍사로 541,35.55073195,126.8615755,전북특별자치도
1102,제16회 정읍 구절초꽃축제,전북특별자치도 정읍시 산내면 청정로 926-65,35.55427272,127.0188952,전북특별자치도
1103,2024 나주 영산강 축제,nan,35.00082866,126.7234742,nan
1104,천년나주목읍성문화축제,전라남도 나주시 금성관길 8,35.03335643,126.7165553,전라남도
1105,영산포 홍어축제,nan,35.00158881,126.7040551,nan
1106,문경찻사발축제,경상북도 문경시 문경읍 새재로 1037,36.77071342,128.0739524,경상북도
1107,치악산한우축제,강원도 원주시 단구로 170,37.3364295,127.9462614,강원특별자치도
1108,원주 독서대전,강원도 원주시 단구로 170,37.3364295,127.9462614,강원특별자치도
1109,원주 평생학습 축제,강원도 원주시 원일로 139,37.3515851,127.9467947,강원특별자치도
1110,치악산배축제,강원도 원주시 무실로 182,37.3414432,127.9392853,강원특별자치도
1111,반계리 은행나무축제,nan,37.2942080953,127.7884223965,nan
1112,제23회 섬강축제,강원도 원주시 소금산길 12,37.3645764074,127.8340380042,강원특별자치도
1113,철원 DMZ 평화 꽃송이 축제,강원도 철원군 동송읍 태봉로 1799-15,38.1867615323,127.29162646,강원특별자치도
1114,DMZ피스트레인 뮤직 페스티벌,강원도 철원군 동송읍 태봉로 1825,38.1871925438,127.2878203502,강원특별자치도
1115,대천해수욕장 조개구이 한마당,충청남도 보령시 머드로 123,36.31554012,126.5108563,충청남도
1116,제2회 보령AMC모터페스티벌,충청남도 보령시 주포면 대학길 106,36.40350777,126.5795708,충청남도
1117,제26회 보령머드축제,충청남도 보령시 고잠2길 55,36.31509639,126.5128975,충청남도
1118,2023 보령 김축제,충청남도 보령시 해수욕장10길 5,36.3150568,126.5103666,충청남도
1119,제20회 성주산단풍축제,충청남도 보령시 성주면 화장골길 110-15,36.33035904,126.651225,충청남도
1120,의령 홍의장군축제,경상남도 의령군 의령읍 의병로24길 31-1,35.31773709,128.2649396,경상남도
1121,의령 리치리치 페스티벌,경상남도 의령군 의령읍 의병로8길 44,35.31545351,128.2558931,경상남도
1122,의령 신번문화축제,경상남도 의령군 의령읍 충익로63,35.32237273,128.2613949,경상남도
1123,한 여름밤의 음악회(2023 의령사랑 Summer Festival),경상남도 의령군 의령읍 의병로8길 44,35.31545351,128.2558931,경상남도
1124,해맞이 행사,nan,35.89094921,128.5827398,nan
1125,금호강 정월대보름축제,nan,35.90943011,128.6039524,nan
1126,금호강 바람소리길축제,nan,35.90943011,128.6039524,nan
1127,대구 북구 떡볶이 페스티벌,nan,35.88301935,128.5861543,nan
1128,울산조선해양축제,nan,35.4945822002,129.4288840223,nan
1129,울산마두희축제,울산광역시 중구 새즈믄해거리 37,35.5566794,129.320056,울산광역시
1130,태화강국제재즈음악제,울산광역시 중구 태화강국가정원길 154,35.548823,129.291263,울산광역시
1131,119안전문화축제,울산광역시 울주군 삼남읍 울산역로 255,35.55561815,129.1316552,울산광역시
1132,태화강 대숲 납량축제,울산광역시 중구 태화강국가정원길 154,35.548823,129.291263,울산광역시
1133,서머페스티벌,울산광역시 중구 염포로 55,35.5623241,129.3481434,울산광역시
1134,제19회 광릉숲축제,경기도 남양주시 진접읍 봉선사길 32,37.7463984,127.1836293,경기도
1135,제38회 정약용문화제,경기도 남양주시 조안면 다산로747번길 11,37.51627419,127.2990576,경기도
1136,추자도 참굴비 대축제,제주특별자치도 제주시 추자면 추자로 3,33.9625726,126.297481,제주특별자치도
1137,동백마을 레스토랑,제주특별자치도 서귀포시 남원읍 한신로531번길 22-2,33.32011401,126.7450999,제주특별자치도
1138,제29회 서귀포칠십리 축제,제주특별자치도 서귀포시 월드컵로 33,33.24621937,126.5092753,제주특별자치도
1139,제 2회 사계로 페스티벌,제주특별자치도 서귀포시 안덕면 형제해안로 13,33.22806467,126.3053971,제주특별자치도
1140,제4회서귀포은갈치축제,제주특별자치도 서귀포시 칠십리로72번길 14,33.23890498,126.564869,제주특별자치도
1141,2023 세계유산축전-제주화산섬과 용암동굴,제주특별자치도 제주시 조천읍 선교로 569-36,33.4569953,126.7147521,제주특별자치도
1142,제18회중문칠선녀축제,제주특별자치도 서귀포시 중문관광로110번길 31,33.25030323,126.4121557,제주특별자치도
1143,2023 제주펫페어,제주특별자치도 서귀포시 중문관광로 224,33.24128964,126.4244429,제주특별자치도
1144,제62회 탐라문화제,제주특별자치도 제주시 중앙로 1,33.5181055,126.5251233,제주특별자치도
1145,구팔일 억새 바당,제주특별자치도 제주시 애월읍 천덕로 880-24,33.39003694,126.3665286,제주특별자치도
1146,하늘 나는 피카츄 프로젝트 in JEJU,제주특별자치도 제주시 애월읍 천덕로 880-24,33.39003694,126.3665286,제주특별자치도
1147,휴애리 동백축제,제주특별자치도 서귀포시 남원읍 신례동로 256,33.30853475,126.6343808,제주특별자치도
1148,서문반짝마켓,제주특별자치도 제주시 서문로4길 13-2,33.511358,126.5179062,제주특별자치도
1149,2023 제주시 소상공인 한마음 박람회,제주특별자치도 제주시 오일장서길 26,33.49724701,126.4748884,제주특별자치도
1150,상효수목원 가을 꽃 축제,제주특별자치도 서귀포시 산록남로 2847-37,33.30721676,126.5860085,제주특별자치도
1151,2023 제주성주풀이 : 새집지어오람구나,제주특별자치도 제주시 신산로82,33.50548585,126.5347396,제주특별자치도
1153,담양대나무축제,전라남도 담양군 담양읍 메타프로방스 1길 17,35.32260525,127.0018114,전라남도
1154,담양산타축제,전라남도 담양군 담양읍 메타프로방스 1길 17,35.32260525,127.0018114,전라남도
1155,추월산벚꽃축제,전라남도 담양군 용면 추월산로 369,35.36483985,126.9872053,전라남도
1156,창평전통음식문화축제,전라남도 담양군 창평면 돌담길 56-24,35.23525084,127.017861,전라남도
1157,가로수사랑음악회,전라남도 담양군 담양읍 지침3길 7-5,35.31617363,126.9840063,전라남도
1158,고서포도축제,전라남도 담양군 고서면 가사문학로 325,35.22370105,126.9729391,전라남도
1162,서울장미축제,서울특별시 중랑구 중랑천로 332,37.6148099,127.073526,서울특별시
1163,용마폭포 문화예술축제,서울특별시 중랑구 용마산로 250-12,37.573335,127.089125,서울특별시
1164,안심창조밸리 연꽃마을 축제,nan,35.869549,128.735308,nan
1165,팔공산 왕건축제,nan,35.942676,128.6426741,nan
1166,용암산성 옥샘문화재,대구광역시 동구 팔공로24길 171,35.9099747,128.6501287,대구광역시
1167,팔공산 단풍축제,대구광역시 동구 갓바위로 259,35.9717166352,128.7280116782,대구광역시
1168,2023 제11회 군산시간여행축제,전북특별자치도 군산시 중앙로 178,35.98772627,126.711725,전북특별자치도
1169,제36회 고양행주문화제,경기도 고양시 덕양구 행주로 15번길 89,37.59610775,126.8287118,경기도
1170,2024 고양호수예술축제,경기도 고양시 일산동구 호수로 595,37.65384593,126.7687814,경기도
1171,홍성역사인물축제,충청남도 홍성군 홍성읍 아문길 27,36.60172104,126.6613892,충청남도
1172,글로벌바베큐페스티벌,충청남도 홍성군 홍성읍 아문길 27,36.60172104,126.6613892,충청남도
1173,홍성남당항 새조개축제,충청남도 홍성군 서부면 남당항로213번길 25-62,36.53503195,126.467178,충청남도
1174,홍성남당항 대하축제,충청남도 홍성군 서부면 남당항로213번길 25-62,36.53503195,126.467178,충청남도
1175,광천김토굴새우젓 대축제,충청남도 홍성군 광천읍 광천로315번길 19,36.50171355,126.625266,충청남도
1176,홍성사랑국화축제,충청남도 홍성군 서부면+P7 남당항로213번길 25-62,36.53503195,126.467178,충청남도
1177,시흥 거북섬 봄 달콤축제,경기도 시흥시 시청로 20,37.380422,126.8040652159,경기도
1182,동구문화예술한마당&막걸리페스티벌,인천광역시 동구 참외전로 125 (동인천역 광장),37.47664907,126.6324297,인천광역시
1183,제33회 화도진축제,인천광역시 동구 참외전로 125 (동인천역 광장),37.47664907,126.6324297,인천광역시
1184,제34회 화도진축제,인천광역시 동구 참외전로 125 (동인천역 광장),37.47664907,126.6324297,인천광역시
1185,2023년 화수부두 축제,인천광역시 동구 화수부두로 16(화수동),37.48813413,126.6307484,인천광역시
1186,홍성남당항 바다송어축제,충청남도 홍성군 서부면 남당항로213번길 25-62,36.53503195,126.467178,충청남도
1187,갈산 옹기 축제,충청남도 홍성군 갈산면 갈산서길475번길 128,36.636806,126.519193,충청남도
1188,홍성군 가족축제,충청남도 홍성군 홍성읍 아문길 27,36.60172104,126.6613892,충청남도
1189,구항한우축제,충청남도 홍성군 구항면 구항길 109,36.5879527039,126.6106570576,충청남도
1190,제11회 낙동강 구포나루 축제,부산광역시 북구 낙동대로1570번길 33(구포동),35.19688402,128.9900968,부산광역시
1191,2024 에덴벚꽃길 벚꽃축제,경기도 가평군 청평면 에덴벚꽃길 139,37.7855403,127.4770392,경기도
1192,글로벌 아웃도어 캠핑페어,경기도 가평군 가평읍 자라섬로 60,37.8208975,127.5210451,경기도
1193,2024 캠핑 요리축제,경기도 가평군 가평읍 자라섬로 60,37.8208975,127.5210451,경기도
1194,2024 KOVEA CAMPING FESTIVAL (KOCAF),경기도 가평군 가평읍 자라섬로 60,37.8208975,127.5210451,경기도
1195,자라섬 꽃 페스타,경기도 가평군 가평읍 자라섬로 60,37.8208975,127.5210451,경기도
1196,자라섬 꽃 페스타,경기도 가평군 가평읍 자라섬로 60,37.8208975,127.5210451,경기도
1197,KT VOYAGE TO JARASUM,경기도 가평군 가평읍 자라섬로 60,37.8208975,127.5210451,경기도
1198,2024 이슬라이브 페스티벌,경기도 가평군 가평읍 자라섬로 60,37.8208975,127.5210451,경기도
1199,제21회 자라섬 재즈페스티벌,경기도 가평군 가평읍 자라섬로 60,37.8208975,127.5210451,경기도
1200,춘장대해수욕장 여름문화예술축제,충청남도 서천군 서면 춘장대길 20,36.16334922,126.5243355,충청남도
1201,자연산 광어.도미 축제,충청남도 서천군 서면 서인로 56,36.1293642,126.5036472,충청남도
1202,마량포 해넘이.해돋이 축제,충청남도 서천군 서면 서인로 56,36.1293642,126.5036472,충청남도
1203,홍원항 자연산 전어.꽃게 축제,충청남도 서천군 서면 홍원길 130-3,36.1588618,126.4992204,충청남도
1204,한산모시문화제,충청남도 서천군 한산면 충절로 1089,36.0799445,126.7987047,충청남도
1205,서천철새여행,충청남도 서천군 마서면 장산로 916,36.02280046,126.7426918,충청남도
1206,서천군 동백꽃 주꾸미 축제,충청남도 서천군 서면 서인로 56,36.1293642,126.5036472,충청남도
1207,익산서동축제,전라북도 익산시 금마면 고도9길 41-14,36.001531758,127.0570708604,전북특별자치도
1214,2023 제25회 제주들불축제,제주특별자치도 제주시 애월읍 화전길 201,33.3482653,126.3856578,제주특별자치도
1215,삼척정월대보름제,강원도 강원도 삼척시청 엑스포로 45,37.43896231,129.160145,강원특별자치도
1216,삼척맹방유채꽃행사,강원도 삼척시 근덕면 삼척로 3916-112(마을회관),37.40072352,129.2117828,강원특별자치도
1217,황영조 국제 마라톤 대회,강원도 강원도 삼척시청 엑스포로 45,37.43896231,129.160145,강원특별자치도
1218,삼척장미축제,강원도 강원도 삼척시청 오십천로 536,37.43501045,129.1752024,강원특별자치도
1219,삼척비치썸페스티벌,강원도 강원도 삼척시청 테마타운길 19,37.46667271,129.1705322,강원특별자치도
1220,삼척동해왕이사부축제,강원도 강원도 삼척시 엑스포로 45,37.44988816,129.1656266,강원특별자치도
1221,삼척평생학습박람회 및 책축제,강원도 강원도 삼척시청 청석로3길 16-41,37.44912555,129.1780308,강원특별자치도
1222,삼척종합예술제,강원도 강원도 삼척시청 엑스포로 45,37.43896231,129.160145,강원특별자치도
1223,삼척민족예술제,강원도 강원도 삼척시청 엑스포로 45,37.43896231,129.160145,강원특별자치도
1224,치악산배축제,강원도 원주시 무실로 182,37.3414432,127.9392853,강원특별자치도
1225,반계리 은행나무축제,nan,37.2942080953,127.7884223965,nan
1226,제23회 섬강축제,강원도 원주시 소금산길 12,37.3645764074,127.8340380042,강원특별자치도
1227,강진청자축제,전라남도 강진군 대구면 청자촌길 33,34.50866041,126.8008375,전라남도
1228,강진만 춤추는 갈대축제,전라남도 강진군 강진읍 남당로 97-23,34.6259705,126.7724317,전라남도
1229,강진하맥축제,nan,34.6435454732,126.8041239781,nan
1232,전라병영성축제,전라남도 강진군 병영면 병영성로 175,34.7200428016,126.8171424014,전라남도
1244,제21회 사상전통달집놀이,부산광역시 사상구 낙동대로 1310번길 19(삼락동),35.17701002,128.9776397,부산광역시
1245,제21회 사상강변축제,부산광역시 사상구 낙동대로 1310번길 19(삼락동),35.17701002,128.9776397,부산광역시
1246,한여름밤의 축제,nan,36.42826427,128.1573086,nan
1247,전주국제영화제,전라북도 전주시 완산구 전주객사4길 74-12,35.82088479,127.1437421,전북특별자치도
1248,전주한지문화축제,전라북도 전주시 완산구 현무1길 20,35.8205657,127.1482307,전북특별자치도
1249,전주대사습놀이,전라북도 전주시 덕진구 권삼득로 400,35.84915665,127.1196082,전북특별자치도
1250,전주문화재야행,전라북도 전주시 완산구 은행로 3,35.81961325,127.1517715,전북특별자치도
1251,전주세계소리축제,전라북도 전주시 덕진구 소리로 31,35.85477195,127.1393284,전북특별자치도
1252,전주독서대전,전라북도 전주시 완산구 전주천동로 20,35.81224642,127.1590306,전북특별자치도
1253,장수 한우랑 사과랑 축제,전북특별자치도 장수군 장수읍 한누리로 393,35.6411154,127.5181094,전북특별자치도
1254,거제맹종대나무축제,경상남도 거제시 하청면 거제북로 700,34.96772842,128.6505119,경상남도
1255,거제 옥포대첩 축제,경상남도 거제시 팔랑포2길 87+경상남도 거제시 옥포로2길 14,34.90219827,128.7140595,경상남도
1256,남부면 수국축제,경상남도 거제시 남부면 남부해안로 30,34.73224984,128.6101227,경상남도
1257,거제 바다로 세계로,경상남도 거제시 일운면 거제대로 2056,34.80795032,128.6922045,경상남도
1258,거제맥주축제,경상남도 거제시 장승로 146-12,34.86687999,128.7260471,경상남도
1259,거제둔덕포도축제,경상남도 거제시 둔덕면 청마로 159,34.85232978,128.510722,경상남도
1260,거제 섬꽃축제,경상남도 거제시 거제면 거제남서로 3577,34.85646488,128.5791279,경상남도
1261,거제대구수산물축제,nan,34.94091241,128.7192123,nan
1262,거제도국제펭귄수영축제,nan,34.91173654,128.7108483,nan
1263,거제송년불꽃축제,경상남도 거제시 장승로 146-12,34.86687999,128.7260471,경상남도
1264,해맞이행사,nan,35.884546,128.6456995,nan
1265,정월대보름 달집태우기 행사,nan,35.86381279,128.7136022,nan
1266,팔공산 벚꽃축제,nan,35.98972752,128.696466,nan
1267,선덕여왕 숭모재,대구광역시 동구 팔공산로 967-28,35.99490611,128.6739767,대구광역시
1268,증평들노래축제,충청북도 증평군 증평읍 둔덕길 89,36.7638867,127.5955697,충청북도
1269,증평인삼골축제,nan,36.78615603,127.5746346,nan
1270,양양문화제,nan,38.07312233,128.6241919,nan
1271,양양 송이&연어축제,nan,38.07312233,128.6241919,nan
1272,와룡산 와~봄 축제,nan,35.871469616,128.530582543,nan
1273,달성토성마을축제,nan,35.875132,128.576155085,nan
1274,석촌호수벚꽃축제,서울특별시 송파구 석촌호수로 197,37.5066934,127.0989034,서울특별시
1275,한성백제문화제,서울특별시 송파구 올림픽로 424,37.52034114,127.1155184,서울특별시
1276,2023년 울산공업축제,nan,35.55056694,129.3077348,nan
1277,울산옹기축제,nan,35.43299143,129.2784466,nan
1278,간절곶 해맞이 축제,울산광역시 울주군 서생면 간절곶1길 39-2,35.3589245,129.3602963,울산광역시
1279,울산쇠부리축제,울산광역시 북구 달천철장길 58,35.63424081,129.3289893,울산광역시
1280,울산고래축제,울산광역시 남구 장생포고래로 244,35.5027537,129.3807899593,울산광역시
1281,궁거랑 벚꽃 한마당,울산광역시 남구 삼호로 15,35.5500212,129.266004,울산광역시
1282,태화강 국가정원 봄꽃축제,울산광역시 중구 태화강국가정원길 154,35.548823,129.291263,울산광역시
1283,울산대공원 장미축제,nan,35.52889099,129.2881058,nan
1284,울산아시아퍼시픽뮤직미팅(울산에이팜),울산광역시 울주군 삼남읍 울산역로 255,35.55561815,129.1316552,울산광역시
1285,울주세계산악영화제,울산광역시 울주군 상북면 알프스온천5길 103-8,35.5564541734,129.0679842103,울산광역시
1286,"오감만족, 어린이날 큰 잔치",대구광역시 서구 당산로 403,35.8727899586,128.5455377659,대구광역시
1287,가족사랑 아이스축제,대구광역시 서구 문화로 122,35.8736232995,128.5454780004,대구광역시
1288,미소&행복 구민축제,nan,35.8733057795,128.5434302571,nan
1289,달구벌목민관축제,대구광역시 서구 국채보상로 257,35.8723220408,128.559266,대구광역시
1290,해맞이축제,nan,35.871483129,128.530582803,nan
1291,제21회 의정부음악극축제,경기도 의정부시 의정로 1,37.733386,127.034128,경기도
1292,2023 죽변항 수산물 축제,경상북도 울진군 죽변면 죽변항길 124,37.0577514241,129.4247605344,경상북도
1303,고성통일명태축제,강원특별자치도 고성군 거진읍 해오름해변길 125,38.43974514,128.4541651,강원특별자치도
1304,제25회 전주국제영화제,전북특별자치도 전주시 완산구 전주객사4길 74-12,35.82088479,127.1437421,전북특별자치도
1305,2024 국제한지산업대전,전북특별자치도 전주시 완산구 현무1길 20,35.8205657,127.1482307,전북특별자치도
1306,2024 전주대사습놀이,전북특별자치도 전주시 완산구 기린대로 99,35.81825046,127.1536774,전북특별자치도
1307,제4회 블랙뮤직페스티벌,경기도 의정부시 의정로 1,37.733386,127.034128,경기도
1308,제10회 의정부국제가야금축제,경기도 의정부시 의정로 1,37.733386,127.034128,경기도
1309,<도서관 속 작업실 II>展,경기도 의정부시 민락로 248,37.745147,127.106129,경기도
1310,청소년 어울림마당 행복누리축제,경기도 의정부시 의정로 27,37.7351772,127.0338894,경기도
1311,청소년 문화 예술의 밤 흥선비긴어게인,경기도 의정부시 시민로19번길 13,37.7386919,127.0357766,경기도
1312,의정부시 청소년 진로페스티벌,경기도 의정부시 의정로 27,37.7351772,127.0338894,경기도
1313,의정부시 청소년 행복주간  [명사특강 ],경기도 의정부시 의정로 27,37.7351772,127.0338894,경기도
1314,청소년 행복 주간 및 청소년의 날,경기도 의정부시 의정로27,37.7351772,127.0338894,경기도
1315,청소년 행복주간 지역마을축제(동부권역),경기도 의정부시 장곡로 551,37.7488377,127.0637621,경기도
1316,의정부시 청소년 행복주간  [가족뮤지컬 ],경기도 의정부시 의정로 27,37.7351772,127.0338894,경기도
1317,청소년 행복주간 지역마을축제,경기도 의정부시 의정로80번길 18,37.7396968,127.0358325,경기도
1318,청소년안전망 페스티발,경기도 의정부시 시민로 지하 100,37.7392456,127.0475838,경기도
1319,청소년이 빛나는 밤,경기도 의정부시 새말로 38,37.7510749,127.0643941,경기도
1320,청소년 Party,경기도 의정부시 의정로 27,37.7351772,127.0338894,경기도
1321,청소년 종합예술제 끼자랑꿈자랑 경연대회,경기도 의정부시 의정로 27,37.7351772,127.0338894,경기도
1322,청소년이 빛나는 밤,경기도 의정부시 새말로 40,37.7511701,127.0640951,경기도
1323,청소년 스트레스 해소방안 탐색축제 (스트레스 팡팡),경기도 의정부시 새말로 38,37.7510749,127.0643941,경기도
1324,전국청소년댄스페스티벌 꿈을 향한 무승부,경기도 의정부시 의정로 27,37.7351772,127.0338894,경기도
1325,청소년 종합예술제 끼자랑꿈자랑 한마당 축제,경기도 의정부시 의정로 27,37.7351772,127.0338894,경기도
1326,청소년 종합예술제 끼자랑꿈자랑 한마당 축제,경기도 의정부시 의정로27,37.7351772,127.0338894,경기도
1327,의정부 청소년 영화제,경기도 의정부시 의정로 27,37.7351772,127.0338894,경기도
1328,청소년이 빛나는 밤,경기도 의정부시 새말로 40,37.7511701,127.0640951,경기도
1329,청소년 푸른별 콘서트,경기도 의정부시 의정로 27,37.7351772,127.0338894,경기도
1330,<사각사각> 展,경기도 의정부시 민락로 248,37.745147,127.106129,경기도
1331,의정부 중앙아시아 영화제,경기도 의정부시 호암로 95,37.71019077,127.0463011,경기도
1332,2023 회룡거리예술제,nan,37.72428833,127.0455288,nan
1333,제10회 의정부시 가족문화대축제,경기도 의정부시 시민로 1,37.7380645,127.0338354,경기도
1341,제23회 밀양공연예술축제,경상남도 밀양시 부북면 창밀로 3097-16,35.53347627,128.7046157,경상남도
1342,제27회 대한민국 청소년연극제,경상남도 밀양시 부북면 창밀로 3097-16,35.53347627,128.7046157,경상남도
1351,제51회신라문화제,경상북도 경주시 양정로 260,35.85619961,129.2247246,경상북도
1352,제22회 파주출판도시 어린이책잔치,경기도 파주시 회동길 145,37.70848115,126.6867933,경기도
1353,2024 파주북소리 축제,경기도 파주시 회동길 145,37.70848115,126.6867933,경기도
1354,제16회 DMZ국제다큐멘터리영화제,경기도 파주시 문산읍 임진각로 177,37.88953876,126.7401859,경기도
1355,파주포크페스티벌,경기도 파주시 문산읍 통일로 1997-1,37.8785604,126.7731515,경기도
1356,2024년 제6회 운정호수공원불꽃축제,경기도 파주시 경의로 1151,37.720108,126.7601224,경기도
1357,2024 헤이리 판 페스티벌,경기도 파주시 탄현면 헤이리마을길 70-21,37.78817463,126.6992404,경기도
1358,제34회 율곡문화제,경기도 파주시 법원읍 자운서원로 204,37.86613553,126.8709854,경기도
1359,제19회 파주개성인삼축제,경기도 파주시 문산읍 임진각로 177,37.88953876,126.7401859,경기도
1360,제28회 파주장단콩축제,경기도 파주시 문산읍 임진각로 177,37.88953876,126.7401859,경기도
1361,제27회 화도진축제,인천광역시 동구 참외전로 125 (동인천역 광장),37.47664907,126.6324297,인천광역시
1362,제28회 화도진축제,인천광역시 동구 참외전로 125 (동인천역 광장),37.47664907,126.6324297,인천광역시
1363,제29회 화도진축제,인천광역시 동구 참외전로 125 (동인천역 광장),37.47664907,126.6324297,인천광역시
1364,제30회 화도진축제,인천광역시 동구 참외전로 125 (동인천역 광장),37.47664907,126.6324297,인천광역시
1365,백화산 해맞이 행사,nan,36.7674649,126.3019641,nan
1366,연포 해맞이 행사,nan,36.69434027,126.2101823,nan
1367,꽃지 해넘이 행사,nan,36.5012829,126.3346213,nan
1368,울산고래축제,울산광역시 남구 장생포고래로 244,35.5027598,129.3807994,울산광역시
1373,부산원도심골목길축제,부산광역시 동구 중앙대로 210,35.1151466925,129.040834792,부산광역시
1374,부산시민의종 타종식,부산광역시 중구 용두산길 37-55(광복동2가),35.10093242,129.0324385,부산광역시
1375,부산국제록페스티벌,부산광역시 사상구 낙동대로 1231,35.17001086,128.9765693,부산광역시
1376,부산불꽃축제,부산광역시 수영구 광안해변로 219,35.15377357,129.1185161,부산광역시
1377,부산바다축제,부산광역시 해운대구 해운대해변로 280,35.1594967,129.1625753,부산광역시
1378,2024 해운대카운트다운&해맞이축제,부산광역시 해운대구 중동2로 11,35.16313992,129.1635303,부산광역시
1379,제39회 해운대 달맞이온천축제,부산광역시 해운대구 중동2로 11,35.16313992,129.1635303,부산광역시
1380,제19회 해운대 모래축제,부산광역시 해운대구 중동2로 11,35.16313992,129.1635303,부산광역시
1381,제19회 국제매직페스티벌,부산광역시 해운대구 중동2로 11,35.16313992,129.1635303,부산광역시
1382,제7회 반송한마음축제,부산광역시 해운대구 중동2로 11,35.16313992,129.1635303,부산광역시
1383,제28회 부산바다축제,부산광역시 해운대구 중동2로 11,35.16313992,129.1635303,부산광역시
1384,송정해변축제,부산광역시 해운대구 중동2로 11,35.16313992,129.1635303,부산광역시
1385,달맞이언덕 인문학 축제,부산광역시 해운대구 중동2로 11,35.16313992,129.1635303,부산광역시
1386,제21회 담안골 문화축제,부산광역시 해운대구 중동2로 11,35.16313992,129.1635303,부산광역시
1387,장산제,부산광역시 해운대구 중동2로 11,35.16313992,129.1635303,부산광역시
1388,산청한방약초축제,경상남도 산청군 금서면 동의보감로555번길 61,35.44111101,127.827835,경상남도
1389,서산해미읍성축제,충청남도 서산시 해미면 남문2로 143,36.71355735,126.550384,충청남도
1390,세종축제,세종특별자치시 갈매로 387,36.4985206,127.2638359,세종특별자치시
1391,소래포구축제,인천광역시 남동구 아암대로 1550,37.38725249,126.7269798,인천광역시
1392,수원화성문화제,경기도 수원시 팔달구 정조로 825,37.2818334,127.0143944,경기도
1393,순창장류축제,전북특별자치도 순창군 순창읍 민속마을길 6-3,35.36859967,127.1099968,전북특별자치도
1394,시흥갯골축제,경기도 시흥시 동서로 287,37.38979099,126.7812554,경기도
1395,안동탈춤축제,경상북도 안동시 경동로 684,36.56270639,128.732934,경상북도
1396,안성맞춤남사당바우덕이축제,경기도 안성시 보개면 남사당로 198,37.03286562,127.3078518,경기도
1397,여주오곡나루축제,경기도 여주시 신륵사길 7,37.30014504,127.6545462,경기도
1398,연천구석기축제,경기도 연천군 전곡읍 양연로 1510,38.01564838,127.0614526,경기도
1399,영동난계국악축제,충청북도 영동군 영동읍 동정로 1,36.17495908,127.7832508,충청북도
1400,영암왕인문화축제,전라남도 영암군 군서면 왕인로 440,34.75653038,126.6291211,전라남도
1401,영주풍기인삼축제,경상북도 영주시 풍기읍 남원로 80,36.86728146,128.5262586,경상북도
1402,울산옹기축제,울산광역시 울주군 온양읍 외고산3길 36,35.4350532,129.2795028,울산광역시
1403,음성품바축제,충청북도 음성군 음성읍 설성공원길 28,36.93278892,127.6910199,충청북도
1404,인천펜타포트음악축제,인천광역시 연수구 센트럴로 350,37.40785375,126.6325097,인천광역시
1405,임실N치즈축제,전북특별자치도 임실군 성수면 도인2길 50,35.63310203,127.301299,전북특별자치도
1406,장수한우랑사과랑축제,전북특별자치도 장수군 장수읍 논개사당길 65,35.64107219,127.5232477,전북특별자치도
1407,정남진장흥물축제,전라남도 장흥군 장흥읍 우드랜드길 180,34.66960328,126.9336692,전라남도
1408,원주삼토페스티벌,강원도 원주시 서원대로 311,37.3368381,127.943687,강원특별자치도
1409,SUMMER CAMP,제주특별자치도 제주시 구좌읍 금백조로 930,33.444116191,126.7783396406,제주특별자치도
1410,제주민속촌 야간개장 귀몽,제주특별자치도 서귀포시 표선면 민속해안로 631-34,33.32128714,126.8430882,제주특별자치도
1411,새연교 콘서트,제주특별자치도 서귀포시 서귀동 남성중로 40,33.239402,126.558487,제주특별자치도
1412,제주목관아 야간개장,제주특별자치도 제주시 관덕로 25,33.51400171,126.5218039,제주특별자치도
1413,제8회 제주푸드앤와인페스티벌,제주특별자치도 제주시 한라대학로 38,33.47678976,126.4741519,제주특별자치도
1414,2023 청수 곶자왈 반딧불이 축제,제주특별자치도 제주시 한경면 연명로 348,33.302281,126.259044,제주특별자치도
1415,제41회 대한민국연극제 제주,제주특별자치도 제주시 동광로 69,33.504469,126.5351724,제주특별자치도
1416,김만덕주간 나눔큰잔치,제주특별자치도 제주시 중앙로 1,33.51815918,126.5251233,제주특별자치도
1417,만덕제,제주특별자치도 제주시 사라봉길 75,33.51618956,126.5470056,제주특별자치도
1418,9.81파크 제주 ’하늘 나는 피카츄 프로젝트’,제주특별자치도 제주시 애월읍 천덕로 880-24,33.39003694,126.3665286,제주특별자치도
1419,스트레스 제로 킹 in 제주,제주특별자치도 서귀포시 산록남로 2271,33.29199264,126.5279023,제주특별자치도
1420,제 2회 제술페(제주한잔 우리술 페스티벌),제주특별자치도 제주시 명림로 575-107,33.44900254,126.6373581,제주특별자치도
1421,2023 풋귤축제,제주특별자치도 제주시 연삼로 286,33.4916935,126.5229585,제주특별자치도
1422,2023 해질녘 여름 버스킹,제주특별자치도 제주시 조천읍 남조로 2023,33.45136457,126.656711,제주특별자치도
1423,2023 제8회 서귀포오페라페스티벌,제주특별자치도 서귀포시 태평로 270,33.24633342,126.5507911,제주특별자치도
1424,2023 JEJU MUSIC WEEKEND,제주특별자치도 제주시 신산로 82,33.50548585,126.5347396,제주특별자치도
1425,2023 뒷개백중맞이,제주특별자치도 제주시 조천읍 북촌7길 27,33.5503372,126.6930834,제주특별자치도
1426,2023 토요일 밤의 성산,제주특별자치도 서귀포시 성산읍 일출로 284 12,33.4621004,126.9361994,제주특별자치도
1427,2023년 울진대게와 붉은대게 축제,경상북도 울진군 후포면 울진대게로 169-52,36.682353,129.4599525,경상북도
1428,제주오라 메밀유채꽃축제,제주특별자치도 제주시 산록북로 31,33.491565,126.512323,제주특별자치도
1429,방선문축제,제주특별자치도 제주시 정실동길 169,33.452616,126.517702,제주특별자치도
1430,설문대할망 페스티벌(제주돌문화공원),제주특별자치도 제주시 조천읍 남조로 2023,33.45136457,126.656711,제주특별자치도
1431,제주 에코뮤직페스티벌,제주특별자치도 제주시 조천읍 남조로 2023,33.45136457,126.656711,제주특별자치도
1432,2023 서귀포문화재 야행,제주특별자치도 서귀포시 칠십리로 145,33.244302,126.5689408,제주특별자치도
1433,2023 서귀포문화재 야행,제주특별자치도 서귀포시 칠십리로 145,33.244302,126.5689408,제주특별자치도
1434,제주 기상 100주년 기념 문화제,제주특별자치도 제주시 중앙로7길,33.514395,126.527946,제주특별자치도
1435,제주도민과 함께하는 공군음악회,제주특별자치도 서귀포시 태평로 270,33.246311,126.5507911,제주특별자치도
1436,제주잇(eat)수다,제주특별자치도 서귀포시 중문관광로 224,33.24128964,126.4244429,제주특별자치도
1437,2023년 원도심 <하하페스티벌>,제주특별자치도 제주시 중앙로7길,33.514395,126.527946,제주특별자치도
1438,머체왓레스토랑,제주특별자치도 서귀포시 남원읍 서성로 755,33.33052259,126.6738998,제주특별자치도
1439,한림공원 튤립축제,제주특별자치도 제주시 한림읍 한림로 300,33.39022486,126.2396912,제주특별자치도
1440,2023 귀리 전통문화축제,제주특별자치도 제주시 애월읍 가문동길 27-4,33.484961,126.392794,제주특별자치도
1441,JSW SPRING BREEZE CONCERT,제주특별자치도 서귀포시 안덕면 신화역사로304번길 98,33.30653711,126.307553,제주특별자치도
1442,2023 제주카페스타,제주특별자치도 서귀포시 중문관광로 224,33.24128964,126.4244429,제주특별자치도
1443,한림공원 부겐빌레아축제,제주특별자치도 제주시 한립읍 한림로 300,33.388302,126.239426,제주특별자치도
1444,제10회 국제전기자동차엑스포,제주특별자치도 서귀포시 중문관광로 224,33.24123222,126.4244429,제주특별자치도
1445,제3회 웰니스 숲힐링 축제 - 숲 상상 그 이상의 미래,제주특별자치도 서귀포시 산록남로 2271,33.29193862,126.5279023,제주특별자치도
1448,군포철쭉축제,경기도 군포시 고산로 451,37.353185,126.9257606,경기도
1449,중구미술협회전,대구광역시 중구 봉산문화길 77,35.86339725,128.5965647,대구광역시
1450,중구미술협회전,대구광역시 중구 봉산문화길 77,35.86339725,128.5965647,대구광역시
1451,중구미술협회전,대구광역시 중구 봉산문화길 77,35.86339725,128.5965647,대구광역시
1452,중구미술협회전,대구광역시 중구 봉산문화길 77,35.86339725,128.5965647,대구광역시
1453,봉산미술제,대구광역시 중구 봉산문화길 77,35.86339725,128.5965647,대구광역시
1454,봉산미술제,대구광역시 중구 봉산문화길 77,35.86339725,128.5965647,대구광역시
1455,봉산미술제,대구광역시 중구 봉산문화길 77,35.86339725,128.5965647,대구광역시
1456,봉산미술제,대구광역시 중구 봉산문화길 77,35.86339725,128.5965647,대구광역시
1457,봉산미술제,대구광역시 중구 봉산문화길 77,35.86339725,128.5965647,대구광역시
1458,봉산미술제,대구광역시 중구 봉산문화길 77,35.86339725,128.5965647,대구광역시
1459,봉산미술제,대구광역시 중구 봉산문화길 77,35.86339725,128.5965647,대구광역시
1460,봉산미술제,대구광역시 중구 봉산문화길 77,35.86339725,128.5965647,대구광역시
1461,봉산미술제,대구광역시 중구 봉산문화길 77,35.86339725,128.5965647,대구광역시
1462,제28회 봉산미술제,대구광역시 중구 봉산문화길 77,35.86339725,128.5965647,대구광역시
1463,제29회 봉산미술제,대구광역시 중구 봉산문화길 77,35.86339725,128.5965647,대구광역시
1464,제30회 봉산미술제,대구광역시 중구 봉산문화길 77,35.86339725,128.5965647,대구광역시
1465,김광석노래부르기,대구광역시 수성구 수성로72길 43 (수성동2가),35.8561652,128.6162623,대구광역시
1466,김광석노래부르기,대구광역시 수성구 수성로72길 43 (수성동2가),35.8561652,128.6162623,대구광역시
1467,제8회 김광석노래부르기,대구광역시 중구 동덕로8길 34-20(대봉동),35.85982116,128.6066276,대구광역시
1468,제9회 김광석노래부르기,대구광역시 중구 동덕로8길 34-20(대봉동),35.85982116,128.6066276,대구광역시
1469,제10회 김광석노래부르기,대구광역시 중구 동덕로8길 34-20(대봉동),35.85982116,128.6066276,대구광역시
1470,김광석길페스티벌,대구광역시 중구 동덕로8길 34-20(대봉동),35.85982116,128.6066276,대구광역시
1471,김광석길페스티벌,대구광역시 중구 동덕로8길 34-20(대봉동),35.85982116,128.6066276,대구광역시
1472,김광석길페스티벌,대구광역시 중구 동덕로8길 34-20(대봉동),35.85982116,128.6066276,대구광역시
1473,여수동동북축제,전라남도 여수시 소호로 606,34.75590207,127.6572796,전라남도
1474,청년거리문화한마당,전라남도 여수시 시청로 1,34.76014841,127.661568,전라남도
1475,제7회 전포커피축제,부산광역시 부산진구 동천로 92(전포동),35.1570356,129.0630291,부산광역시
1476,부산진구 서면 빛축제,부산광역시 부산진구 시민공원로30 (범전동),35.16283064,129.053188,부산광역시
1478,성주참외&생명문화축제,경상북도 성주군 성주읍 성주로 3204,35.91846997,128.2840727,경상북도
1479,제2회 강릉 비치비어페스티벌,강원특별자치도 강릉시 창해로 514,37.8057969459,128.907474,강원특별자치도
1480,2023 경포 벚꽃 잔치,강원특별자치도 강릉시 창해로 514,37.8057969459,128.907474,강원특별자치도
1481,2023 경포 썸머 페스티벌,강원특별자치도 강릉시 경포로 365,37.7955687639,128.8965386495,강원특별자치도
1482,2024 해돋이 행사,강원특별자치도 강릉시 창해로 514,37.8057969459,128.907474,강원특별자치도
1483,제15회 강릉 커피축제,강원특별자치도 강릉시 수리골길 100,37.7788932939,128.9000079515,강원특별자치도
1484,제2회 강릉 와인축제,강원특별자치도 강릉시 경강로 2111,37.7558922453,128.8974692754,강원특별자치도
1485,강릉문화재야행,강원특별자치도 강릉시 임영로131번길 6 (용강동),37.75294455,128.8919029,강원특별자치도
1486,강릉단오제 본행사,강원특별자치도 강릉시 단오장길 1 (노암동),37.74820212,128.8950714,강원특별자치도
1487,장보고수산물축제,전라남도 완도군 완도읍 해변공원로 24,34.317447,126.752759,전라남도
1488,청산도슬로걷기축제,전라남도 완도군 청산면 청산로 46,34.1797101,126.857789,전라남도
1489,광주비엔날레,광주광역시 북구 비엔날레로 111,35.18309828,126.8892087,광주광역시
1490,광주프린지페스티벌,광주광역시 동구 금남로 245,35.14835809,126.9187301,광주광역시
1491,광주김치축제,광주광역시 서구 상무공원로 101,35.1533934,126.8410957,광주광역시
1492,무등울림축제,광주광역시 동구 의재로 222,35.1334851,126.9514045,광주광역시
1493,광주스트릿컬처페스타,광주광역시 동구 문화전당로 38,35.14691559,126.9199945,광주광역시
1494,제19회 영양산나물축제,경상북도 영양군 영양읍 군청길 37,36.66735774,129.1126844,경상북도
1495,2023 영양고추 H.O.T Festival,서울특별시 중구 세종대로 110,37.56631769,126.9778284,서울특별시
1496,2024 광주문화유산야행 돌의 기억,광주광역시 동구 서남로 1(동구청),35.1461414,126.9230951,광주광역시
1497,제20회 광주 추억의 충장축제,광주광역시 동구 서남로 1(동구청),35.1461414,126.9230951,광주광역시
1498,제2회 광주 버스킹 월드컵,광주광역시 동구 서남로 1(동구청),35.1461414,126.9230951,광주광역시
1499,제22회어방축제,부산광역시 수영구 남천동로100,35.14537016,129.1123694,부산광역시
1500,제18회 영등포 여의도 봄꽃축제,서울특별시 영등포구 여의서로,37.5286613618,126.9301288866,서울특별시
1501,2024 갑진년 정월대보름 달맞이축제,부산광역시 남구 분포로 66-40,35.13221534,129.120141,부산광역시
1502,2024 제2회 안양일번가 넘버원 페스티벌,경기도 안양시 만안구 만안로223번길 7 (안양동),37.4004012163,126.9223888,경기도
1512,제13회 양천마라톤,nan,37.518372,126.877692,nan
1513,2024 양천구 반려동물 문화축제,nan,37.528415,126.8607872,nan
1514,제6회 신정1동 마을축제,nan,37.520128,126.854136,nan
1515,KBS전국노래자랑 동작구편,서울특별시 동작구 노들로 688,37.51501192,126.9445243,서울특별시
1516,나루터 영화제,서울특별시 동작구 노량진로 74,37.51275771,126.9340267,서울특별시
1517,동작댄스데이,서울특별시 동작구 여의대방로20길 33,37.49538106,126.9189142,서울특별시
1518,옥정호벚꽃축제,전북특별자치도 임실군 임실읍 수정로 30,35.61727597,127.2889393,전북특별자치도
1519,필봉마을굿축제,전북특별자치도 임실군 강진면 강운로 272,35.53639442,127.1544452,전북특별자치도
1520,의견문화제,전북특별자치도 임실군 오수면 충효로 2096-16,35.54520247,127.3326779,전북특별자치도
1521,임실N치즈축제,전북특별자치도 임실군 성수면 도인2길 50,35.63310329,127.3012599,전북특별자치도
1522,산타축제,전북특별자치도 임실군 성수면 도인2길 50,35.63310329,127.3012599,전북특별자치도
1523,고성군민의 날 및 수성문화제,강원특별자치도 고성군 간성읍 수성로 87,38.37632274,128.4650421,강원특별자치도
1524,진도문화예술제,전라남도 진도군 진도읍 진도대로 7197,34.47975717,126.2685772,전라남도
1525,명량대첩축제,전라남도 진도군 군내면 진도대로 8439-19,34.57125609,126.2996968,전라남도
1529,2023 양주 천만송이 천일홍 축제,경기도 양주시 광사로 131-66,37.785795,127.081833,경기도
1530,제11회 서면메디컬스트리트 축제,부산광역시 부산진구 시민공원로30 (범전동),35.16283064,129.053188,부산광역시
1533,합천벚꽃마라톤대회,경상남도 합천군 대병면 합천호수로 197,35.531585,128.0295197,경상남도
1534,황매산 철쭉제,경상남도 합천군 가회면 황매산공원길 4,35.48184913,128.0037495,경상남도
1535,합천바캉스축제,nan,35.5573152,128.1675442,nan
1536,합천황토한우축제,nan,35.5600925,128.1601151,nan
1537,황매산 억새축제,경상남도 합천군 가회면 황매산공원길 4,35.48184913,128.0037495,경상남도
1538,합천기록문화축제,경상남도 합천군 가야면 가야산로 1160,35.76749785,128.1365362,경상남도
1539,수려한합천영화제,경상남도 합천군 용주면 합천호수로 757,35.5490189,128.0710082,경상남도
1540,대야문화제,경상남도 합천군 합천읍 장수로 1-1,35.5619055,128.1522093,경상남도
1543,섬 튤립축제,전라남도 신안군 임자면 대광해수욕장길 179,35.10291276,126.0725117,전라남도
1555,제23회 흥부골 달맞이 행사,nan,35.41805389,127.6266284,nan
1556,제94회 춘향제,전북특별자치도 남원시 요천로 1447,35.40413057,127.380504,전북특별자치도
1557,2024 남원 세계드론제전,전북특별자치도 남원시 충정로 341,35.43086878,127.4054593,전북특별자치도
1558,조선광클럽,전북특별자치도 남원시 요천로 1447,35.40413057,127.380504,전북특별자치도
1559,4월 마토예술제<인형극이랑 놀자>,경기도 평택시 팽성읍 안정쇼핑로11,36.95955991,127.043999,경기도
1560,더 스프링 시즌 A.D.H.D. 페스티벌,경기도 평택시 팽성읍 안정쇼핑로11,36.95955991,127.043999,경기도
1561,6월 마토예술제<원더풀파티>,경기도 평택시 팽성읍 안정쇼핑로11,36.95955991,127.043999,경기도
1562,제13회 평택록페스티벌&전국밴드경연대회,경기도 평택시 서동대로 3825,36.994639,127.133968,경기도
1563,제11회 평택 가족캠핑 스마트영상제,경기도 평택시 진위면 진위서로 264-15,37.09814476,127.086486,경기도
1564,더 어텀 시즌 아트&플레이 페스타,경기도 평택시 팽성읍 안정쇼핑로11,36.95955991,127.043999,경기도
1565,제10회 노을동요제,경기도 평택시 중앙로 277,36.991134,127.114086,경기도
1566,평택호물빛축제,경기도 평택시 현덕면 평택호길 159,36.921442,126.922226,경기도
1567,9월 마토예술제<지구의 안정을 지켜라>,경기도 평택시 팽성읍 안정쇼핑로11,36.95955991,127.043999,경기도
1568,평택 원평나루억새축제,nan,36.983401,127.080492,nan
1569,11월 마토예술제,경기도 평택시 팽성읍 안정쇼핑로11,36.95955991,127.043999,경기도
1570,2023 크리스마스 축제,경기도 평택시 중앙로 277,36.991134,127.114086,경기도
1571,강서 낙동강30리 벚꽃축제(2023년),nan,35.20933921,128.9865079,nan
1572,여수영취산진달래체험행사,전라남도 여수시 흥국사길 160,34.82281621,127.7016059,전라남도
1573,여수거북선축제,전라남도 여수시 이순신광장로 95,34.73922445,127.7365808,전라남도
1574,여수여자만갯벌노을체험행사,전라남도 여수시 소라면 서부로 785-24,34.7902433,127.5679754,전라남도
1575,거문도백도은빛바다체험행사,전라남도 여수시 삼산면 거문길 28-10,34.02575979,127.311945,전라남도
1576,여수밤바다 불꽃축제,nan,34.7388016,127.7366067,nan
1577,여수향일암일출제,전라남도 여수시 향일암로 60 종무소,34.59379448,127.8029861,전라남도
1578,연천구석기축제,경기도 연천군 전곡읍 양연로 1510,38.01564838,127.0614526,경기도
1579,동래읍성역사축제,부산광역시 동래구 문화로 80(명륜동),35.21195069,129.090546,부산광역시
1583,익산서동축제,전북특별자치도 익산시 금마면 고도9길 41-14,36.00153176,127.0570709,전북특별자치도
1584,전통산사문화재,광주광역시 북구 무등로 1514-35,35.14863464,126.985744,광주광역시
1585,제20회 강북구 3·1독립운동 기념행사,서울특별시 강북구 삼양로173길 107-12,37.66019851,127.0060603,서울특별시
1586,4.19혁명 국민문화제,서울특별시 강북구 도봉로89길 13,37.63918553,127.0254518,서울특별시
1587,종교연합바자회,서울특별시 강북구 인수봉로 159,37.6350142,127.0129382,서울특별시
1588,2023 관악겨울예술축제 : Winter Festival is Coming to Town,서울특별시 관악구 신림로3길 35,37.46759765,126.9448709,서울특별시
1589,2024 그루브 인 관악,서울특별시 관악구 관천로 53,37.48474926,126.9250817,서울특별시
1590,2024 관악강감찬축제,서울특별시 관악구 낙성대로 77,37.47197208,126.959371,서울특별시
1591,안성맞춤 남사당 바우덕이 축제,경기도 안성시 보개면 남사당로 198,37.03286992,127.3078038,경기도
1592,안성맞춤 포도축제,경기도 안성시 서운면 서운중앙길 23,36.94330477,127.2595521,경기도
1593,죽주대고려문화축제,경기도 안성시 죽산면 남부길 60,37.07467485,127.4244564,경기도
1594,제36회 지리산 뱀사골 고로쇠 약수제,전북특별자치도 남원시 산내면 지리산로 842-8,35.3769935,127.581604,전북특별자치도
1595,힐링 개그 콘서트,울산광역시 동구 문현3길 6,35.48705813,129.4112633,울산광역시
1596,오페라 팝페라 뽕페라,울산광역시 동구 문현3길 6,35.48705813,129.4112633,울산광역시
1597,박강수콘서트,울산광역시 동구 문현3길 6,35.48705813,129.4112633,울산광역시
1599,퓨전 국악의 향연,울산광역시 동구 문현3길 6,35.48705813,129.4112633,울산광역시
1600,한국창작무용 베리끝 애화,울산광역시 동구 문현3길 6,35.48705813,129.4112633,울산광역시
1601,슬도아트 개관전 사우스 스웰,울산광역시 동구 성끝길 103,35.48090382,129.4327723,울산광역시
1602,문화공장 방어진 랜드스케이프: 풍경,울산광역시 동구 중진2길 5,35.4835744074,129.4242217376,울산광역시
1603,2024 청양고추구기자문화축제,nan,36.44503302,126.8034215,nan
1604,제25회 칠갑산장승문화축제,충청남도 청양군 대치면 장곡길119-17,36.40982229,126.8501828,충청남도
1605,너른고을 대보름 놀이 한마당,경기도 광주시 파발로 38,37.40986912,127.2620664,경기도
1606,광주왕실 도자컨퍼런스,경기도 광주시 곤지암읍 경충대로 727,37.35027997,127.3347904,경기도
1607,김천 부곡맛고을 어울림 큰잔치,경상북도 김천시 부곡맛고을2길 24,36.1244158061,128.0909506087,경상북도
1608,김천 황금시장 김장양념축제,경상북도 김천시 황금시장4길 20,36.116675,128.1252833453,경상북도
1609,김천 평화시장&평화로상가 한마음 대축제,경상북도 김천시 김천로 100,36.123640507,128.113082,경상북도
1610,팜앤컬쳐페스타(농촌체험페스티벌),경상북도 김천시 운동장길 1,36.13969402,128.086502,경상북도
1612,보수동책방골목문화축제,부산광역시 중구 흑교로46번길 11,35.10362715,129.0261809,부산광역시
1613,부산국제영화제 전야제,부산광역시 중구 비프광장로 36,35.09862035,129.0287588,부산광역시
1614,부산자갈치축제,부산광역시 중구 자갈치해안로 52,35.0966394,129.0305933,부산광역시
1615,광복로겨울빛트리축제,부산광역시 중구 광복중앙로 2,35.0995432,129.0314651,부산광역시
1617,2024 안양충훈벚꽃축제,경기도 안양시 만안구 석수로 159,37.40461526,126.8961574,경기도
1618,2024 안양춤축제 ANYANG DANCE FESTIVAL,경기도 안양시 동안구 관평로 149 (평촌동),37.39013727,126.9613302,경기도
1619,괴산고추축제,충청북도 괴산군 괴산읍 임꺽정로 75,36.8134403,127.7885389,충청북도
1620,금산인삼축제,충청남도 금산군 금산읍 인삼광장로 30,36.10001508,127.5007303,충청남도
1621,김제지평선축제,전북특별자치도 김제시 부량면 벽골제로 442,35.75462558,126.8531043,전북특별자치도
1622,김해분청도자기축제,경상남도 김해시 진례면 진례로 275-35,35.25149585,128.7458815,경상남도
1623,논산딸기축제,충청남도 논산시 체육로 110 (관촉동),36.19498654,127.1019223,충청남도
1624,담양대나무축제,전라남도 담양군 담양읍 죽녹원로 119,35.32535666,126.9866155,전라남도
1625,대구약령시한방문화축제,대구광역시 중구 남성로 158-1,35.86838775,128.5888079,대구광역시
1626,대구치맥페스티벌,대구광역시 달서구 공원순환로 7,35.85074542,128.5616516,대구광역시
1627,대전효문화뿌리축제,대전광역시 중구 뿌리공원로 47,36.2853792,127.3844931,대전광역시
1628,동래읍성역사축제,부산광역시 동래구 문화로 80(명륜동),35.2119855,129.090546,부산광역시
1629,목포항구축제,전라남도 목포시 삼학로92번길 68,34.78285177,126.3922506,전라남도
1630,무주반딧불축제,전북특별자치도 무주군 무주읍 한풍루로 326-14,36.0026022,127.6614905,전북특별자치도
1631,문경찻사발축제,경상북도 문경시 문경읍 새재로 932,36.76160343,128.0769795,경상북도
1632,밀양아리랑대축제,경상남도 밀양시 중앙로 324,35.4915241,128.755608,경상남도
1633,보령머드축제,충청남도 보령시 해수욕장10길 5,36.3150568,126.5103666,충청남도
1634,보성다향대축제,전라남도 보성군 보성읍 녹차로 775,34.71987643,127.0817099,전라남도
1635,부산국제록페스티벌,nan,35.169133,128.9735487665,nan
1636,부천국제만화축제,경기도 부천시 원미구 길주로1,37.51294184,126.7487467,경기도
1637,부평풍물대축제,인천광역시 부평구 신트리로 21,37.5065232,126.7236378,인천광역시
1638,제56회 동학농민혁명기념제,전라북도 정읍시 덕천면 동학로 742,35.63370584,126.8301188,전북특별자치도
1639,제34회 정읍사문화제,전라북도 정읍시 정읍사로 541,35.55073195,126.8615755,전북특별자치도
1640,제16회 정읍 구절초꽃축제,전라북도 정읍시 산내면 청정로 926-65,35.55427272,127.0188952,전북특별자치도
1641,제14회 화성시 가족사랑축제,nan,37.256791,127.152995,nan
1642,제13회 화성 뱃놀이 축제,경기도 화성시 서신면 전곡항로 21,37.186718,126.6524994,경기도
1643,제9회 화성송산포도축제,경기도 화성시 서신면 궁평항로 1049-24,37.11602908,126.6812748,경기도
1645,제24회 화성 효 마라톤 대회,경기도 화성시 향남읍 향남로 470,37.13754375,126.9242565,경기도
1646,정조 효 문화제 및 정조대왕 능행차 공동재현,nan,37.21170324,126.9897651,nan
1647,2023 화성시민 한마음 체육대회,경기도 화성시 향남읍 향남로 470,37.13754375,126.9242565,경기도
1648,2023 화성 학생동아리 축제,경기도 화성시 동탄공원로2길 22,37.20563857,127.0635805,경기도
1649,화성 루나 빛 축제,nan,37.1691623,127.1006911,nan
1650,처인성문화제,경기도 용인시 처인구 중부대로 1199,37.24086733,127.1779684,경기도
1651,포은문화제,경기도 용인시 처인구 중부대로 1199,37.24086733,127.1779684,경기도
1652,용인시민의 날 연계 축제 행사,경기도 용인시 처인구 동백죽전대로 61,37.24963097,127.165146,경기도
1653,제8회 부천세계비보이대회,경기도 부천시 원미구 석천로 293,37.51275697,126.7639108,경기도
1656,2023 부소산 봄 나들이 축제,nan,36.28516562,126.910939,nan
1657,제21회 부여서동연꽃축제,nan,36.2696766,126.912263,nan
1658,2023 백제문화제,충청남도 부여군 규암면 백제문로 455,36.30757158,126.9084946,충청남도
1659,세종축제,세종특별자치시 호수공원길 155(세종동 1201),36.49881773,127.270076,세종특별자치시
1660,세종조치원복숭아축제,세종특별자치시 조치원읍 문예회관길 22,36.5998248,127.287846,세종특별자치시
1661,금강보행교 거점공연,nan,36.4847701,127.2879228,nan
1662,금강청소년축제,nan,37.4847701,128.2879228,nan
1664,세종빛축제,nan,36.4847701,127.2879228,nan
1665,2019 안양여성축제,경기도 안양시 동안구 관평로 149 (평촌동),37.390137,126.9613287,경기도
1666,2019 광복기념음악회,경기도 안양시 만안구 병목안로 215,37.385289,126.907675,경기도
1667,2019 안양 시민축제,경기도 안양시 동안구 관평로 149 (평촌동),37.390137,126.9613287,경기도
1668,2021 안양시민축제 <우선멈춤>,경기도 안양시 동안구 관평로 149 (평촌동),37.390137,126.9613287,경기도
1669,2022 안양시민축제 <우선멈춤>,경기도 안양시 동안구 관평로 149 (평촌동),37.390137,126.9613287,경기도
1670,2023 안양충훈벚꽃축제,경기도 안양시 만안구 석수로 159,37.404615,126.896157,경기도
1671,2023 광복78주년 광복기념음악회,경기도 안양시 만안구 병목안로 215,37.385289,126.907675,경기도
1672,2023 안양춤축제 ANYANG DANCE FESTIVAL,경기도 안양시 동안구 관평로 149 (평촌동),37.390137,126.9613287,경기도
